Dataset name: Exchange Rates; Frequency: Daily; Currency: UK pound sterling; Currency denominator: Euro; Exchange rate type: Spot; Series variation - EXR context: Average or standardised measure for given frequency
,EXR.D.GBP.EUR.SP00.A
,"ECB reference exchange rate, UK pound sterling/Euro, 2:15 pm (C.E.T.)"
Period\Unit:,[UK pound sterling ]
2011-06-24,0.88855
2011-06-23,0.88960
2011-06-22,0.89310
2011-06-21,0.88670
2011-06-20,0.87950
2011-06-17,0.88260
2011-06-16,0.87530
2011-06-15,0.87970
2011-06-14,0.88100
2011-06-13,0.88060
2011-06-10,0.88840
2011-06-09,0.88940
2011-06-08,0.89290
2011-06-07,0.89245
2011-06-06,0.89030
2011-06-03,0.88750
2011-06-02,0.88295
2011-06-01,0.87705
2011-05-31,0.87205
2011-05-30,0.86710
2011-05-27,0.86685
2011-05-26,0.86850
2011-05-25,0.86720
2011-05-24,0.87285
2011-05-23,0.86975
2011-05-20,0.87705
2011-05-19,0.88130
2011-05-18,0.88065
2011-05-17,0.87290
2011-05-16,0.87250
2011-05-13,0.87795
2011-05-12,0.87015
2011-05-11,0.87075
2011-05-10,0.87790
2011-05-09,0.87925
2011-05-06,0.88390
2011-05-05,0.89865
2011-05-04,0.89990
2011-05-03,0.89695
2011-05-02,0.88920
2011-04-29,0.89170
2011-04-28,0.88880
2011-04-27,0.88640
2011-04-26,0.88715
2011-04-21,0.88130
2011-04-20,0.88670
2011-04-19,0.87800
2011-04-18,0.87750
2011-04-15,0.88380
2011-04-14,0.88250
2011-04-13,0.88980
2011-04-12,0.88845
2011-04-11,0.88360
2011-04-08,0.88095
2011-04-07,0.87590
2011-04-06,0.87750
2011-04-05,0.87285
2011-04-04,0.88095
2011-04-01,0.88150
2011-03-31,0.88370
2011-03-30,0.87890
2011-03-29,0.88145
2011-03-28,0.87825
2011-03-25,0.87780
2011-03-24,0.87410
2011-03-23,0.86990
2011-03-22,0.86780
2011-03-21,0.87170
2011-03-18,0.87380
2011-03-17,0.86745
2011-03-16,0.86730
2011-03-15,0.86740
2011-03-14,0.86590
2011-03-11,0.86120
2011-03-10,0.85655
2011-03-09,0.85900
2011-03-08,0.86050
2011-03-07,0.86100
2011-03-04,0.85805
2011-03-03,0.85130
2011-03-02,0.84780
2011-03-01,0.84940
2011-02-28,0.85280
2011-02-25,0.85530
2011-02-24,0.85130
2011-02-23,0.84590
2011-02-22,0.84584
2011-02-21,0.84250
2011-02-18,0.83950
2011-02-17,0.84090
2011-02-16,0.84190
2011-02-15,0.83750
2011-02-14,0.84000
2011-02-11,0.84570
2011-02-10,0.84780
2011-02-09,0.85000
2011-02-08,0.84860
2011-02-07,0.84020
2011-02-04,0.84720
2011-02-03,0.84865
2011-02-02,0.85190
2011-02-01,0.85360
2011-01-31,0.86090
2011-01-28,0.86090
2011-01-27,0.85955
2011-01-26,0.86325
2011-01-25,0.86200
2011-01-24,0.85160
2011-01-21,0.84825
2011-01-20,0.84360
2011-01-19,0.84330
2011-01-18,0.83565
2011-01-17,0.83610
2011-01-14,0.84220
2011-01-13,0.83575
2011-01-12,0.83155
2011-01-11,0.83190
2011-01-10,0.83180
2011-01-07,0.83830
2011-01-06,0.84450
2011-01-05,0.84830
2011-01-04,0.85875
2011-01-03,0.86131
2010-12-31,0.86075
2010-12-30,0.86020
2010-12-29,0.85390
2010-12-28,0.85345
2010-12-27,0.85230
2010-12-24,0.84960
2010-12-23,0.84820
2010-12-22,0.84920
2010-12-21,0.85030
2010-12-20,0.84620
2010-12-17,0.85185
2010-12-16,0.84795
2010-12-15,0.85290
2010-12-14,0.84865
2010-12-13,0.84375
2010-12-10,0.83715
2010-12-09,0.83820
2010-12-08,0.83670
2010-12-07,0.84670
2010-12-06,0.84720
2010-12-03,0.84800
2010-12-02,0.84450
2010-12-01,0.83930
2010-11-30,0.83765
2010-11-29,0.84400
2010-11-26,0.84470
2010-11-25,0.84645
2010-11-24,0.84380
2010-11-23,0.84795
2010-11-22,0.85490
2010-11-19,0.85520
2010-11-18,0.85220
2010-11-17,0.84895
2010-11-16,0.85100
2010-11-15,0.84790
2010-11-12,0.85070
2010-11-11,0.84910
2010-11-10,0.85685
2010-11-09,0.86235
2010-11-08,0.86270
2010-11-05,0.86790
2010-11-04,0.87585
2010-11-03,0.87030
2010-11-02,0.87490
2010-11-01,0.86675
2010-10-29,0.86860
2010-10-28,0.87040
2010-10-27,0.87235
2010-10-26,0.87685
2010-10-25,0.89255
2010-10-22,0.88730
2010-10-21,0.89020
2010-10-20,0.88200
2010-10-19,0.88060
2010-10-18,0.87470
2010-10-15,0.87750
2010-10-14,0.87920
2010-10-13,0.88120
2010-10-12,0.87360
2010-10-11,0.87460
2010-10-08,0.87510
2010-10-07,0.87465
2010-10-06,0.87260
2010-10-05,0.86670
2010-10-04,0.86560
2010-10-01,0.86760
2010-09-30,0.85995
2010-09-29,0.86180
2010-09-28,0.84985
2010-09-27,0.85040
2010-09-24,0.85345
2010-09-23,0.85050
2010-09-22,0.85530
2010-09-21,0.84545
2010-09-20,0.83830
2010-09-17,0.83575
2010-09-16,0.83720
2010-09-15,0.83550
2010-09-14,0.83430
2010-09-13,0.83120
2010-09-10,0.82340
2010-09-09,0.82580
2010-09-08,0.82205
2010-09-07,0.83160
2010-09-06,0.83825
2010-09-03,0.83320
2010-09-02,0.83275
2010-09-01,0.83105
2010-08-31,0.82480
2010-08-30,0.81650
2010-08-27,0.82060
2010-08-26,0.81745
2010-08-25,0.81850
2010-08-24,0.81930
2010-08-23,0.81690
2010-08-20,0.81910
2010-08-19,0.82055
2010-08-18,0.82330
2010-08-17,0.82300
2010-08-16,0.82110
2010-08-13,0.82120
2010-08-12,0.82060
2010-08-11,0.82780
2010-08-10,0.83520
2010-08-09,0.83040
2010-08-06,0.83010
2010-08-05,0.82930
2010-08-04,0.82840
2010-08-03,0.82980
2010-08-02,0.82600
2010-07-30,0.83490
2010-07-29,0.83670
2010-07-28,0.83395
2010-07-27,0.83820
2010-07-26,0.83425
2010-07-23,0.83720
2010-07-22,0.84280
2010-07-21,0.83945
2010-07-20,0.84745
2010-07-19,0.84830
2010-07-16,0.84535
2010-07-15,0.83565
2010-07-14,0.83430
2010-07-13,0.83180
2010-07-12,0.83630
2010-07-09,0.83600
2010-07-08,0.83560
2010-07-07,0.83190
2010-07-06,0.82950
2010-07-05,0.82750
2010-07-02,0.82520
2010-07-01,0.82215
2010-06-30,0.81745
2010-06-29,0.81040
2010-06-28,0.82000
2010-06-25,0.82360
2010-06-24,0.81850
2010-06-23,0.82290
2010-06-22,0.83400
2010-06-21,0.83410
2010-06-18,0.83570
2010-06-17,0.83490
2010-06-16,0.83085
2010-06-15,0.83200
2010-06-14,0.83080
2010-06-11,0.82930
2010-06-10,0.82520
2010-06-09,0.82590
2010-06-08,0.82805
2010-06-07,0.82460
2010-06-04,0.82745
2010-06-03,0.83570
2010-06-02,0.83345
2010-06-01,0.83470
2010-05-31,0.84863
2010-05-28,0.84995
2010-05-27,0.84625
2010-05-26,0.85470
2010-05-25,0.85205
2010-05-24,0.86080
2010-05-21,0.87035
2010-05-20,0.86440
2010-05-19,0.85805
2010-05-18,0.85895
2010-05-17,0.85540
2010-05-14,0.85710
2010-05-13,0.85300
2010-05-12,0.84940
2010-05-11,0.85960
2010-05-10,0.86405
2010-05-07,0.86805
2010-05-06,0.84295
2010-05-05,0.85510
2010-05-04,0.86325
2010-05-03,0.86800
2010-04-30,0.87030
2010-04-29,0.86785
2010-04-28,0.87080
2010-04-27,0.86705
2010-04-26,0.86240
2010-04-23,0.86730
2010-04-22,0.86675
2010-04-21,0.86900
2010-04-20,0.87650
2010-04-19,0.88050
2010-04-16,0.87710
2010-04-15,0.87735
2010-04-14,0.88140
2010-04-13,0.88120
2010-04-12,0.88250
2010-04-09,0.87200
2010-04-08,0.87500
2010-04-07,0.87885
2010-04-06,0.88240
2010-04-01,0.88485
2010-03-31,0.88980
2010-03-30,0.89330
2010-03-29,0.89940
2010-03-26,0.90040
2010-03-25,0.89440
2010-03-24,0.89460
2010-03-23,0.90050
2010-03-22,0.89900
2010-03-19,0.89450
2010-03-18,0.89400
2010-03-17,0.89620
2010-03-16,0.90690
2010-03-15,0.91050
2010-03-12,0.90830
2010-03-11,0.90860
2010-03-10,0.91140
2010-03-09,0.90640
2010-03-08,0.90240
2010-03-05,0.90250
2010-03-04,0.90500
2010-03-03,0.90570
2010-03-02,0.90635
2010-03-01,0.90670
2010-02-26,0.89270
2010-02-25,0.88090
2010-02-24,0.87750
2010-02-23,0.88020
2010-02-22,0.87970
2010-02-19,0.87830
2010-02-18,0.87040
2010-02-17,0.86900
2010-02-16,0.87050
2010-02-15,0.86760
2010-02-12,0.86910
2010-02-11,0.87750
2010-02-10,0.87980
2010-02-09,0.88040
2010-02-08,0.87610
2010-02-05,0.87325
2010-02-04,0.87310
2010-02-03,0.87620
2010-02-02,0.87375
2010-02-01,0.87485
2010-01-29,0.86655
2010-01-28,0.86160
2010-01-27,0.86725
2010-01-26,0.87330
2010-01-25,0.87730
2010-01-22,0.87630
2010-01-21,0.87000
2010-01-20,0.86920
2010-01-19,0.87430
2010-01-18,0.87950
2010-01-15,0.88105
2010-01-14,0.89050
2010-01-13,0.89460
2010-01-12,0.89720
2010-01-11,0.89890
2010-01-08,0.89340
2010-01-07,0.89960
2010-01-06,0.89860
2010-01-05,0.90045
2010-01-04,0.89140
2009-12-31,0.88810
2009-12-30,0.90400
2009-12-29,0.90270
2009-12-28,0.90143
2009-12-24,0.90080
2009-12-23,0.89470
2009-12-22,0.89305
2009-12-21,0.89180
2009-12-18,0.88700
2009-12-17,0.88995
2009-12-16,0.88945
2009-12-15,0.89600
2009-12-14,0.90060
2009-12-11,0.90515
2009-12-10,0.90430
2009-12-09,0.90460
2009-12-08,0.90700
2009-12-07,0.90505
2009-12-04,0.90480
2009-12-03,0.90915
2009-12-02,0.90430
2009-12-01,0.90985
2009-11-30,0.91155
2009-11-27,0.90910
2009-11-26,0.91100
2009-11-25,0.90310
2009-11-24,0.90310
2009-11-23,0.90075
2009-11-20,0.89915
2009-11-19,0.89385
2009-11-18,0.88950
2009-11-17,0.88625
2009-11-16,0.89485
2009-11-13,0.89125
2009-11-12,0.90200
2009-11-11,0.90290
2009-11-10,0.89860
2009-11-09,0.89365
2009-11-06,0.89600
2009-11-05,0.89530
2009-11-04,0.89360
2009-11-03,0.89860
2009-11-02,0.90330
2009-10-30,0.89375
2009-10-29,0.89750
2009-10-28,0.90570
2009-10-27,0.90775
2009-10-26,0.91940
2009-10-23,0.91720
2009-10-22,0.90530
2009-10-21,0.90010
2009-10-20,0.91170
2009-10-19,0.91430
2009-10-16,0.91175
2009-10-15,0.91470
2009-10-14,0.93025
2009-10-13,0.94080
2009-10-12,0.93330
2009-10-09,0.92285
2009-10-08,0.92000
2009-10-07,0.92490
2009-10-06,0.92605
2009-10-05,0.91710
2009-10-02,0.91720
2009-10-01,0.91085
2009-09-30,0.90930
2009-09-29,0.91180
2009-09-28,0.92265
2009-09-25,0.91875
2009-09-24,0.91065
2009-09-23,0.89940
2009-09-22,0.90470
2009-09-21,0.90660
2009-09-18,0.90030
2009-09-17,0.89050
2009-09-16,0.88970
2009-09-15,0.88690
2009-09-14,0.87900
2009-09-11,0.87390
2009-09-10,0.87575
2009-09-09,0.87930
2009-09-08,0.87365
2009-09-07,0.87350
2009-09-04,0.87200
2009-09-03,0.87470
2009-09-02,0.87510
2009-09-01,0.88150
2009-08-31,0.88135
2009-08-28,0.87840
2009-08-27,0.88040
2009-08-26,0.87800
2009-08-25,0.87405
2009-08-24,0.86820
2009-08-21,0.86570
2009-08-20,0.86380
2009-08-19,0.86080
2009-08-18,0.85660
2009-08-17,0.86290
2009-08-14,0.86160
2009-08-13,0.85865
2009-08-12,0.85965
2009-08-11,0.85840
2009-08-10,0.85355
2009-08-07,0.85670
2009-08-06,0.85240
2009-08-05,0.84695
2009-08-04,0.84845
2009-08-03,0.84920
2009-07-31,0.85560
2009-07-30,0.85240
2009-07-29,0.86110
2009-07-28,0.86220
2009-07-27,0.86530
2009-07-24,0.86700
2009-07-23,0.86170
2009-07-22,0.86480
2009-07-21,0.86530
2009-07-20,0.86010
2009-07-17,0.86530
2009-07-16,0.85910
2009-07-15,0.85760
2009-07-14,0.85755
2009-07-13,0.86780
2009-07-10,0.85800
2009-07-09,0.86060
2009-07-08,0.86495
2009-07-07,0.86380
2009-07-06,0.86120
2009-07-03,0.85625
2009-07-02,0.85730
2009-07-01,0.85620
2009-06-30,0.85210
2009-06-29,0.84865
2009-06-26,0.85430
2009-06-25,0.85670
2009-06-24,0.84930
2009-06-23,0.85735
2009-06-22,0.84255
2009-06-19,0.84715
2009-06-18,0.85830
2009-06-17,0.85220
2009-06-16,0.84370
2009-06-15,0.84720
2009-06-12,0.85380
2009-06-11,0.85070
2009-06-10,0.85830
2009-06-09,0.86320
2009-06-08,0.87090
2009-06-05,0.87920
2009-06-04,0.86890
2009-06-03,0.85970
2009-06-02,0.86520
2009-06-01,0.86800
2009-05-29,0.87290
2009-05-28,0.87000
2009-05-27,0.87060
2009-05-26,0.87600
2009-05-25,0.88030
2009-05-22,0.87810
2009-05-21,0.87900
2009-05-20,0.88260
2009-05-19,0.87940
2009-05-18,0.88250
2009-05-15,0.89050
2009-05-14,0.89810
2009-05-13,0.89980
2009-05-12,0.89340
2009-05-11,0.89860
2009-05-08,0.89070
2009-05-07,0.88470
2009-05-06,0.88610
2009-05-05,0.88590
2009-05-04,0.88970
2009-04-30,0.89335
2009-04-29,0.89875
2009-04-28,0.89035
2009-04-27,0.90075
2009-04-24,0.90600
2009-04-23,0.89680
2009-04-22,0.88820
2009-04-21,0.88860
2009-04-20,0.88960
2009-04-17,0.88280
2009-04-16,0.88560
2009-04-15,0.88210
2009-04-14,0.89150
2009-04-09,0.90440
2009-04-08,0.89935
2009-04-07,0.90505
2009-04-06,0.90520
2009-04-03,0.90930
2009-04-02,0.91290
2009-04-01,0.92060
2009-03-31,0.93080
2009-03-30,0.92910
2009-03-27,0.92850
2009-03-26,0.93160
2009-03-25,0.92425
2009-03-24,0.92060
2009-03-23,0.92945
2009-03-20,0.93950
2009-03-19,0.94050
2009-03-18,0.93910
2009-03-17,0.92650
2009-03-16,0.92055
2009-03-13,0.92200
2009-03-12,0.93080
2009-03-11,0.92550
2009-03-10,0.92290
2009-03-09,0.91140
2009-03-06,0.89000
2009-03-05,0.89030
2009-03-04,0.89020
2009-03-03,0.89575
2009-03-02,0.89330
2009-02-27,0.89310
2009-02-26,0.89130
2009-02-25,0.88840
2009-02-24,0.87970
2009-02-23,0.87800
2009-02-20,0.88100
2009-02-19,0.88230
2009-02-18,0.88460
2009-02-17,0.88510
2009-02-16,0.89450
2009-02-13,0.88415
2009-02-12,0.90300
2009-02-11,0.90000
2009-02-10,0.87710
2009-02-09,0.87100
2009-02-06,0.87060
2009-02-05,0.87800
2009-02-04,0.89010
2009-02-03,0.90290
2009-02-02,0.90335
2009-01-30,0.89785
2009-01-29,0.91725
2009-01-28,0.92725
2009-01-27,0.93520
2009-01-26,0.93950
2009-01-23,0.93870
2009-01-22,0.94410
2009-01-21,0.93860
2009-01-20,0.93110
2009-01-19,0.90470
2009-01-16,0.88930
2009-01-15,0.89660
2009-01-14,0.90830
2009-01-13,0.91120
2009-01-12,0.89560
2009-01-09,0.89480
2009-01-08,0.89330
2009-01-07,0.90430
2009-01-06,0.91760
2009-01-05,0.93580
2009-01-02,0.96100
2008-12-31,0.95250
2008-12-30,0.97420
2008-12-29,0.97855
2008-12-24,0.94930
2008-12-23,0.94395
2008-12-22,0.94320
2008-12-19,0.92870
2008-12-18,0.95090
2008-12-17,0.91855
2008-12-16,0.89360
2008-12-15,0.89940
2008-12-12,0.89235
2008-12-11,0.88690
2008-12-10,0.87325
2008-12-09,0.87110
2008-12-08,0.86510
2008-12-05,0.86660
2008-12-04,0.86260
2008-12-03,0.85475
2008-12-02,0.84695
2008-12-01,0.84155
2008-11-28,0.82990
2008-11-27,0.83580
2008-11-26,0.84560
2008-11-25,0.85375
2008-11-24,0.85170
2008-11-21,0.84100
2008-11-20,0.84210
2008-11-19,0.83980
2008-11-18,0.84210
2008-11-17,0.84825
2008-11-14,0.85980
2008-11-13,0.84420
2008-11-12,0.82310
2008-11-11,0.81470
2008-11-10,0.81650
2008-11-07,0.80845
2008-11-06,0.80500
2008-11-05,0.80650
2008-11-04,0.80750
2008-11-03,0.79690
2008-10-31,0.78690
2008-10-30,0.79070
2008-10-29,0.79580
2008-10-28,0.79790
2008-10-27,0.80630
2008-10-24,0.80610
2008-10-23,0.79170
2008-10-22,0.78815
2008-10-21,0.77700
2008-10-20,0.77165
2008-10-17,0.77510
2008-10-16,0.78265
2008-10-15,0.77615
2008-10-14,0.78105
2008-10-13,0.78540
2008-10-10,0.79800
2008-10-09,0.78950
2008-10-08,0.78090
2008-10-07,0.77725
2008-10-06,0.77280
2008-10-03,0.78355
2008-10-02,0.78720
2008-10-01,0.79190
2008-09-30,0.79030
2008-09-29,0.79590
2008-09-26,0.79475
2008-09-25,0.79200
2008-09-24,0.79235
2008-09-23,0.79505
2008-09-22,0.79200
2008-09-19,0.78730
2008-09-18,0.79440
2008-09-17,0.79515
2008-09-16,0.79750
2008-09-15,0.79395
2008-09-12,0.79620
2008-09-11,0.79410
2008-09-10,0.80200
2008-09-09,0.80300
2008-09-08,0.80720
2008-09-05,0.80930
2008-09-04,0.81300
2008-09-03,0.81330
2008-09-02,0.81295
2008-09-01,0.81165
2008-08-29,0.80500
2008-08-28,0.80470
2008-08-27,0.79970
2008-08-26,0.79530
2008-08-25,0.79660
2008-08-22,0.79660
2008-08-21,0.79360
2008-08-20,0.79315
2008-08-19,0.78850
2008-08-18,0.78810
2008-08-15,0.79070
2008-08-14,0.79530
2008-08-13,0.79420
2008-08-12,0.78440
2008-08-11,0.78165
2008-08-08,0.78410
2008-08-07,0.79255
2008-08-06,0.79205
2008-08-05,0.79285
2008-08-04,0.79165
2008-08-01,0.78785
2008-07-31,0.78895
2008-07-30,0.78670
2008-07-29,0.78975
2008-07-28,0.79250
2008-07-25,0.78880
2008-07-24,0.78900
2008-07-23,0.78720
2008-07-22,0.79355
2008-07-21,0.79460
2008-07-18,0.79315
2008-07-17,0.79140
2008-07-16,0.79395
2008-07-15,0.79555
2008-07-14,0.79750
2008-07-11,0.79915
2008-07-10,0.79565
2008-07-09,0.79655
2008-07-08,0.79440
2008-07-07,0.79630
2008-07-04,0.79080
2008-07-03,0.79920
2008-07-02,0.79520
2008-07-01,0.79090
2008-06-30,0.79225
2008-06-27,0.79235
2008-06-26,0.79195
2008-06-25,0.79070
2008-06-24,0.79095
2008-06-23,0.79155
2008-06-20,0.78965
2008-06-19,0.78630
2008-06-18,0.79330
2008-06-17,0.79440
2008-06-16,0.78730
2008-06-13,0.78835
2008-06-12,0.79120
2008-06-11,0.79145
2008-06-10,0.79335
2008-06-09,0.79740
2008-06-06,0.79710
2008-06-05,0.78970
2008-06-04,0.79020
2008-06-03,0.79105
2008-06-02,0.79150
2008-05-30,0.78600
2008-05-29,0.78660
2008-05-28,0.79315
2008-05-27,0.79700
2008-05-26,0.79655
2008-05-23,0.79440
2008-05-22,0.79405
2008-05-21,0.80145
2008-05-20,0.79640
2008-05-19,0.79760
2008-05-16,0.79585
2008-05-15,0.79720
2008-05-14,0.79510
2008-05-13,0.79380
2008-05-12,0.78885
2008-05-09,0.79380
2008-05-08,0.78505
2008-05-07,0.78865
2008-05-06,0.78810
2008-05-05,0.78520
2008-05-02,0.77900
2008-04-30,0.79015
2008-04-29,0.78895
2008-04-28,0.78470
2008-04-25,0.78605
2008-04-24,0.79800
2008-04-23,0.80345
2008-04-22,0.79980
2008-04-21,0.80070
2008-04-18,0.79070
2008-04-17,0.80170
2008-04-16,0.80610
2008-04-15,0.80490
2008-04-14,0.79860
2008-04-11,0.80170
2008-04-10,0.80110
2008-04-09,0.79770
2008-04-08,0.79740
2008-04-07,0.78935
2008-04-04,0.78550
2008-04-03,0.78320
2008-04-02,0.78850
2008-04-01,0.78880
2008-03-31,0.79580
2008-03-28,0.79080
2008-03-27,0.78290
2008-03-26,0.78810
2008-03-25,0.78105
2008-03-20,0.77830
2008-03-19,0.78590
2008-03-18,0.78170
2008-03-17,0.78570
2008-03-14,0.76755
2008-03-13,0.76580
2008-03-12,0.76660
2008-03-11,0.76455
2008-03-10,0.76050
2008-03-07,0.76470
2008-03-06,0.76380
2008-03-05,0.76850
2008-03-04,0.76560
2008-03-03,0.76600
2008-02-29,0.76520
2008-02-28,0.76135
2008-02-27,0.75760
2008-02-26,0.75360
2008-02-25,0.75370
2008-02-22,0.75480
2008-02-21,0.75270
2008-02-20,0.75440
2008-02-19,0.75550
2008-02-18,0.75030
2008-02-15,0.74780
2008-02-14,0.74160
2008-02-13,0.74315
2008-02-12,0.74510
2008-02-11,0.74620
2008-02-08,0.74480
2008-02-07,0.74910
2008-02-06,0.74700
2008-02-05,0.74605
2008-02-04,0.75020
2008-02-01,0.74955
2008-01-31,0.74770
2008-01-30,0.74340
2008-01-29,0.74295
2008-01-28,0.74300
2008-01-25,0.74250
2008-01-24,0.74685
2008-01-23,0.74720
2008-01-22,0.74265
2008-01-21,0.74325
2008-01-18,0.74810
2008-01-17,0.74615
2008-01-16,0.75400
2008-01-15,0.75650
2008-01-14,0.76000
2008-01-11,0.75550
2008-01-10,0.74930
2008-01-09,0.74865
2008-01-08,0.74450
2008-01-07,0.74625
2008-01-04,0.74495
2008-01-03,0.74480
2008-01-02,0.74130
2007-12-31,0.73335
2007-12-28,0.73480
2007-12-27,0.72885
2007-12-24,0.72710
2007-12-21,0.72360
2007-12-20,0.72150
2007-12-19,0.71750
2007-12-18,0.71485
2007-12-17,0.71370
2007-12-14,0.71570
2007-12-13,0.71935
2007-12-12,0.71960
2007-12-11,0.71600
2007-12-10,0.71950
2007-12-07,0.72020
2007-12-06,0.71850
2007-12-05,0.72240
2007-12-04,0.71490
2007-12-03,0.71070
2007-11-30,0.71455
2007-11-29,0.71475
2007-11-28,0.71375
2007-11-27,0.71855
2007-11-26,0.71795
2007-11-23,0.72025
2007-11-22,0.71855
2007-11-21,0.71970
2007-11-20,0.71715
2007-11-19,0.71445
2007-11-16,0.71625
2007-11-15,0.71485
2007-11-14,0.71040
2007-11-13,0.70470
2007-11-12,0.70445
2007-11-09,0.70040
2007-11-08,0.69625
2007-11-07,0.69960
2007-11-06,0.69685
2007-11-05,0.69620
2007-11-02,0.69510
2007-11-01,0.69240
2007-10-31,0.69730
2007-10-30,0.69720
2007-10-29,0.69895
2007-10-26,0.70100
2007-10-25,0.69765
2007-10-24,0.69550
2007-10-23,0.69575
2007-10-22,0.69750
2007-10-19,0.69730
2007-10-18,0.69800
2007-10-17,0.69730
2007-10-16,0.69650
2007-10-15,0.69695
2007-10-12,0.69850
2007-10-11,0.69700
2007-10-10,0.69260
2007-10-09,0.69185
2007-10-08,0.69125
2007-10-05,0.69285
2007-10-04,0.69355
2007-10-03,0.69560
2007-10-02,0.69380
2007-10-01,0.69735
2007-09-28,0.69680
2007-09-27,0.69930
2007-09-26,0.70050
2007-09-25,0.70035
2007-09-24,0.69690
2007-09-21,0.69730
2007-09-20,0.69880
2007-09-19,0.69865
2007-09-18,0.69520
2007-09-17,0.69430
2007-09-14,0.68915
2007-09-13,0.68525
2007-09-12,0.68370
2007-09-11,0.68020
2007-09-10,0.67945
2007-09-07,0.67730
2007-09-06,0.67730
2007-09-05,0.67600
2007-09-04,0.67520
2007-09-03,0.67575
2007-08-31,0.67795
2007-08-30,0.67800
2007-08-29,0.67720
2007-08-28,0.67890
2007-08-27,0.67770
2007-08-24,0.67885
2007-08-23,0.67650
2007-08-22,0.67865
2007-08-21,0.68105
2007-08-20,0.67890
2007-08-17,0.67920
2007-08-16,0.67560
2007-08-15,0.67750
2007-08-14,0.67880
2007-08-13,0.67775
2007-08-10,0.67685
2007-08-09,0.67705
2007-08-08,0.67795
2007-08-07,0.68055
2007-08-06,0.68015
2007-08-03,0.67330
2007-08-02,0.67325
2007-08-01,0.67460
2007-07-31,0.67400
2007-07-30,0.67530
2007-07-27,0.67200
2007-07-26,0.67080
2007-07-25,0.66905
2007-07-24,0.67070
2007-07-23,0.67155
2007-07-20,0.67220
2007-07-19,0.67455
2007-07-18,0.67200
2007-07-17,0.67320
2007-07-16,0.67655
2007-07-13,0.67795
2007-07-12,0.67830
2007-07-11,0.67695
2007-07-10,0.67735
2007-07-09,0.67630
2007-07-06,0.67635
2007-07-05,0.67560
2007-07-04,0.67535
2007-07-03,0.67510
2007-07-02,0.67565
2007-06-29,0.67400
2007-06-28,0.67215
2007-06-27,0.67295
2007-06-26,0.67315
2007-06-25,0.67350
2007-06-22,0.67305
2007-06-21,0.67210
2007-06-20,0.67370
2007-06-19,0.67465
2007-06-18,0.67630
2007-06-15,0.67595
2007-06-14,0.67605
2007-06-13,0.67450
2007-06-12,0.67600
2007-06-11,0.67840
2007-06-08,0.67885
2007-06-07,0.67900
2007-06-06,0.67830
2007-06-05,0.67830
2007-06-04,0.67795
2007-06-01,0.67925
2007-05-31,0.68005
2007-05-30,0.67950
2007-05-29,0.67980
2007-05-28,0.67853
2007-05-25,0.67750
2007-05-24,0.67670
2007-05-23,0.67940
2007-05-22,0.68175
2007-05-21,0.68265
2007-05-18,0.68390
2007-05-17,0.68385
2007-05-16,0.68485
2007-05-15,0.68485
2007-05-14,0.68435
2007-05-11,0.68130
2007-05-10,0.68070
2007-05-09,0.67985
2007-05-08,0.68030
2007-05-07,0.68230
2007-05-04,0.68280
2007-05-03,0.68280
2007-05-02,0.68210
2007-04-30,0.68270
2007-04-27,0.68225
2007-04-26,0.68215
2007-04-25,0.68100
2007-04-24,0.67930
2007-04-23,0.67800
2007-04-20,0.67930
2007-04-19,0.67930
2007-04-18,0.67730
2007-04-17,0.67630
2007-04-16,0.68055
2007-04-13,0.68090
2007-04-12,0.68070
2007-04-11,0.67880
2007-04-10,0.68030
2007-04-05,0.67970
2007-04-04,0.67665
2007-04-03,0.67610
2007-04-02,0.67610
2007-03-30,0.67980
2007-03-29,0.67930
2007-03-28,0.67950
2007-03-27,0.67900
2007-03-26,0.67635
2007-03-23,0.67780
2007-03-22,0.67855
2007-03-21,0.67890
2007-03-20,0.67910
2007-03-19,0.68325
2007-03-16,0.68420
2007-03-15,0.68275
2007-03-14,0.68535
2007-03-13,0.68310
2007-03-12,0.68220
2007-03-09,0.68060
2007-03-08,0.68140
2007-03-07,0.68120
2007-03-06,0.67965
2007-03-05,0.68220
2007-03-02,0.67680
2007-03-01,0.67365
2007-02-28,0.67365
2007-02-27,0.67370
2007-02-26,0.67060
2007-02-23,0.66920
2007-02-22,0.67190
2007-02-21,0.67260
2007-02-20,0.67330
2007-02-19,0.67510
2007-02-16,0.67310
2007-02-15,0.67115
2007-02-14,0.66930
2007-02-13,0.66995
2007-02-12,0.66565
2007-02-09,0.66755
2007-02-08,0.66320
2007-02-07,0.65850
2007-02-06,0.65780
2007-02-05,0.66115
2007-02-02,0.66135
2007-02-01,0.66130
2007-01-31,0.66325
2007-01-30,0.66030
2007-01-29,0.66020
2007-01-26,0.65825
2007-01-25,0.65850
2007-01-24,0.65950
2007-01-23,0.65520
2007-01-22,0.65485
2007-01-19,0.65650
2007-01-18,0.65650
2007-01-17,0.65685
2007-01-16,0.65920
2007-01-15,0.65845
2007-01-12,0.66165
2007-01-11,0.66540
2007-01-10,0.67020
2007-01-09,0.67025
2007-01-08,0.67310
2007-01-05,0.67470
2007-01-04,0.67390
2007-01-03,0.67470
2007-01-02,0.67350
2006-12-29,0.67150
2006-12-28,0.67115
2006-12-27,0.67085
2006-12-22,0.67150
2006-12-21,0.67160
2006-12-20,0.67020
2006-12-19,0.67125
2006-12-18,0.67155
2006-12-15,0.66990
2006-12-14,0.67155
2006-12-13,0.67280
2006-12-12,0.67460
2006-12-11,0.67620
2006-12-08,0.67760
2006-12-07,0.67610
2006-12-06,0.67540
2006-12-05,0.67430
2006-12-04,0.67340
2006-12-01,0.67290
2006-11-30,0.67425
2006-11-29,0.67430
2006-11-28,0.67625
2006-11-27,0.67770
2006-11-24,0.67690
2006-11-23,0.67650
2006-11-22,0.67490
2006-11-21,0.67480
2006-11-20,0.67680
2006-11-17,0.67760
2006-11-16,0.67810
2006-11-15,0.67840
2006-11-14,0.67605
2006-11-13,0.67370
2006-11-10,0.67230
2006-11-09,0.67240
2006-11-08,0.67045
2006-11-07,0.66975
2006-11-06,0.66980
2006-11-03,0.66880
2006-11-02,0.66910
2006-11-01,0.66845
2006-10-31,0.66850
2006-10-30,0.66800
2006-10-27,0.67060
2006-10-26,0.67155
2006-10-25,0.67020
2006-10-24,0.67015
2006-10-23,0.67060
2006-10-20,0.66930
2006-10-19,0.67230
2006-10-18,0.67005
2006-10-17,0.67080
2006-10-16,0.67270
2006-10-13,0.67440
2006-10-12,0.67530
2006-10-11,0.67575
2006-10-10,0.67475
2006-10-09,0.67560
2006-10-06,0.67290
2006-10-05,0.67610
2006-10-04,0.67430
2006-10-03,0.67420
2006-10-02,0.67790
2006-09-29,0.67770
2006-09-28,0.67715
2006-09-27,0.67105
2006-09-26,0.66950
2006-09-25,0.67120
2006-09-22,0.67365
2006-09-21,0.67060
2006-09-20,0.67310
2006-09-19,0.67320
2006-09-18,0.67480
2006-09-15,0.67390
2006-09-14,0.67430
2006-09-13,0.67655
2006-09-12,0.67850
2006-09-11,0.68160
2006-09-08,0.67930
2006-09-07,0.67955
2006-09-06,0.67910
2006-09-05,0.67495
2006-09-04,0.67475
2006-09-01,0.67280
2006-08-31,0.67410
2006-08-30,0.67405
2006-08-29,0.67450
2006-08-28,0.67550
2006-08-25,0.67620
2006-08-24,0.67740
2006-08-23,0.67730
2006-08-22,0.67840
2006-08-21,0.68080
2006-08-18,0.68035
2006-08-17,0.67910
2006-08-16,0.67620
2006-08-15,0.67365
2006-08-14,0.67435
2006-08-11,0.67380
2006-08-10,0.67520
2006-08-09,0.67530
2006-08-08,0.67380
2006-08-07,0.67400
2006-08-04,0.67590
2006-08-03,0.67805
2006-08-02,0.68215
2006-08-01,0.68370
2006-07-31,0.68430
2006-07-28,0.68250
2006-07-27,0.68420
2006-07-26,0.68415
2006-07-25,0.68330
2006-07-24,0.68160
2006-07-21,0.68290
2006-07-20,0.68300
2006-07-19,0.68365
2006-07-18,0.68490
2006-07-17,0.68840
2006-07-14,0.68750
2006-07-13,0.68970
2006-07-12,0.69150
2006-07-11,0.69225
2006-07-10,0.69205
2006-07-07,0.69445
2006-07-06,0.69400
2006-07-05,0.69370
2006-07-04,0.69285
2006-07-03,0.69330
2006-06-30,0.69210
2006-06-29,0.69110
2006-06-28,0.69035
2006-06-27,0.69070
2006-06-26,0.69010
2006-06-23,0.68800
2006-06-22,0.68735
2006-06-21,0.68550
2006-06-20,0.68240
2006-06-19,0.68175
2006-06-16,0.68290
2006-06-15,0.68225
2006-06-14,0.68265
2006-06-13,0.68335
2006-06-12,0.68240
2006-06-09,0.68685
2006-06-08,0.69030
2006-06-07,0.68780
2006-06-06,0.68870
2006-06-05,0.68840
2006-06-02,0.68685
2006-06-01,0.68470
2006-05-31,0.68590
2006-05-30,0.68470
2006-05-29,0.68550
2006-05-26,0.68500
2006-05-25,0.68315
2006-05-24,0.68285
2006-05-23,0.68210
2006-05-22,0.68030
2006-05-19,0.68010
2006-05-18,0.67755
2006-05-17,0.67930
2006-05-16,0.68110
2006-05-15,0.68120
2006-05-12,0.68080
2006-05-11,0.68240
2006-05-10,0.68610
2006-05-09,0.68350
2006-05-08,0.68460
2006-05-05,0.68680
2006-05-04,0.68400
2006-05-03,0.68690
2006-05-02,0.68865
2006-04-28,0.69420
2006-04-27,0.69580
2006-04-26,0.69600
2006-04-25,0.69440
2006-04-24,0.69190
2006-04-21,0.69245
2006-04-20,0.69240
2006-04-19,0.69135
2006-04-18,0.69150
2006-04-13,0.69030
2006-04-12,0.69165
2006-04-11,0.69390
2006-04-10,0.69380
2006-04-07,0.69645
2006-04-06,0.70055
2006-04-05,0.70060
2006-04-04,0.69835
2006-04-03,0.69770
2006-03-31,0.69640
2006-03-30,0.69460
2006-03-29,0.69185
2006-03-28,0.69070
2006-03-27,0.68830
2006-03-24,0.69080
2006-03-23,0.69175
2006-03-22,0.69140
2006-03-21,0.69420
2006-03-20,0.69370
2006-03-17,0.69450
2006-03-16,0.69085
2006-03-15,0.68920
2006-03-14,0.68855
2006-03-13,0.69015
2006-03-10,0.68620
2006-03-09,0.68580
2006-03-08,0.68605
2006-03-07,0.68580
2006-03-06,0.68550
2006-03-03,0.68500
2006-03-02,0.68310
2006-03-01,0.68060
2006-02-28,0.67960
2006-02-27,0.68105
2006-02-24,0.68030
2006-02-23,0.68185
2006-02-22,0.68280
2006-02-21,0.68210
2006-02-20,0.68480
2006-02-17,0.68390
2006-02-16,0.68425
2006-02-15,0.68350
2006-02-14,0.68580
2006-02-13,0.68370
2006-02-10,0.68390
2006-02-09,0.68810
2006-02-08,0.68610
2006-02-07,0.68590
2006-02-06,0.68330
2006-02-03,0.67910
2006-02-02,0.67880
2006-02-01,0.68060
2006-01-31,0.68430
2006-01-30,0.68365
2006-01-27,0.68460
2006-01-26,0.68590
2006-01-25,0.68670
2006-01-24,0.68780
2006-01-23,0.68780
2006-01-20,0.68525
2006-01-19,0.68785
2006-01-18,0.68640
2006-01-17,0.68535
2006-01-16,0.68545
2006-01-13,0.68140
2006-01-12,0.68460
2006-01-11,0.68840
2006-01-10,0.68330
2006-01-09,0.68340
2006-01-06,0.68880
2006-01-05,0.68880
2006-01-04,0.68815
2006-01-03,0.68725
2006-01-02,0.68650
2005-12-30,0.68530
2005-12-29,0.68830
2005-12-28,0.68630
2005-12-27,0.68295
2005-12-23,0.68340
2005-12-22,0.68100
2005-12-21,0.67895
2005-12-20,0.67820
2005-12-19,0.67960
2005-12-16,0.67745
2005-12-15,0.67670
2005-12-14,0.67830
2005-12-13,0.67425
2005-12-12,0.67430
2005-12-09,0.67320
2005-12-08,0.67495
2005-12-07,0.67690
2005-12-06,0.67905
2005-12-05,0.67730
2005-12-02,0.67745
2005-12-01,0.67980
2005-11-30,0.68215
2005-11-29,0.68430
2005-11-28,0.68550
2005-11-25,0.68340
2005-11-24,0.68345
2005-11-23,0.68460
2005-11-22,0.68465
2005-11-21,0.68675
2005-11-18,0.68150
2005-11-17,0.67950
2005-11-16,0.67690
2005-11-15,0.67320
2005-11-14,0.67285
2005-11-11,0.67310
2005-11-10,0.67290
2005-11-09,0.67530
2005-11-08,0.67610
2005-11-07,0.67655
2005-11-04,0.67640
2005-11-03,0.67825
2005-11-02,0.67895
2005-11-01,0.67900
2005-10-31,0.67665
2005-10-28,0.68090
2005-10-27,0.67940
2005-10-26,0.67980
2005-10-25,0.67665
2005-10-24,0.67590
2005-10-21,0.67710
2005-10-20,0.67670
2005-10-19,0.68005
2005-10-18,0.68415
2005-10-17,0.68460
2005-10-14,0.68540
2005-10-13,0.68490
2005-10-12,0.68650
2005-10-11,0.68650
2005-10-10,0.68825
2005-10-07,0.68700
2005-10-06,0.68175
2005-10-05,0.67790
2005-10-04,0.67860
2005-10-03,0.68000
2005-09-30,0.68195
2005-09-29,0.68260
2005-09-28,0.68100
2005-09-27,0.68025
2005-09-26,0.67895
2005-09-23,0.67850
2005-09-22,0.67870
2005-09-21,0.67505
2005-09-20,0.67340
2005-09-19,0.67280
2005-09-16,0.67650
2005-09-15,0.67650
2005-09-14,0.67340
2005-09-13,0.67410
2005-09-12,0.67435
2005-09-09,0.67535
2005-09-08,0.67620
2005-09-07,0.67710
2005-09-06,0.67670
2005-09-05,0.67855
2005-09-02,0.68180
2005-09-01,0.68335
2005-08-31,0.68290
2005-08-30,0.68275
2005-08-29,0.68160
2005-08-26,0.68185
2005-08-25,0.68200
2005-08-24,0.68035
2005-08-23,0.68020
2005-08-22,0.67815
2005-08-19,0.67840
2005-08-18,0.67755
2005-08-17,0.67930
2005-08-16,0.68145
2005-08-15,0.68360
2005-08-12,0.68675
2005-08-11,0.68825
2005-08-10,0.69035
2005-08-09,0.69290
2005-08-08,0.69160
2005-08-05,0.69560
2005-08-04,0.69385
2005-08-03,0.69110
2005-08-02,0.68930
2005-08-01,0.69140
2005-07-29,0.68930
2005-07-28,0.69070
2005-07-27,0.69030
2005-07-26,0.68955
2005-07-25,0.69440
2005-07-22,0.69510
2005-07-21,0.69600
2005-07-20,0.69430
2005-07-19,0.68785
2005-07-18,0.68995
2005-07-15,0.68620
2005-07-14,0.68645
2005-07-13,0.68990
2005-07-12,0.68815
2005-07-11,0.68800
2005-07-08,0.68630
2005-07-07,0.68510
2005-07-06,0.67850
2005-07-05,0.67735
2005-07-04,0.67645
2005-07-01,0.67900
2005-06-30,0.67420
2005-06-29,0.66690
2005-06-28,0.66460
2005-06-27,0.66510
2005-06-24,0.66300
2005-06-23,0.66240
2005-06-22,0.66515
2005-06-21,0.66450
2005-06-20,0.66855
2005-06-17,0.66780
2005-06-16,0.66465
2005-06-15,0.66670
2005-06-14,0.66950
2005-06-13,0.66830
2005-06-10,0.67040
2005-06-09,0.67130
2005-06-08,0.67095
2005-06-07,0.67155
2005-06-06,0.67480
2005-06-03,0.67570
2005-06-02,0.67535
2005-06-01,0.67545
2005-05-31,0.67710
2005-05-30,0.68495
2005-05-27,0.68710
2005-05-26,0.68740
2005-05-25,0.68785
2005-05-24,0.68765
2005-05-23,0.68630
2005-05-20,0.68715
2005-05-19,0.68720
2005-05-18,0.68835
2005-05-17,0.68735
2005-05-16,0.68690
2005-05-13,0.68015
2005-05-12,0.68330
2005-05-11,0.68410
2005-05-10,0.68280
2005-05-09,0.68150
2005-05-06,0.68205
2005-05-05,0.68070
2005-05-04,0.68175
2005-05-03,0.67995
2005-05-02,0.67625
2005-04-29,0.67750
2005-04-28,0.67730
2005-04-27,0.67960
2005-04-26,0.68115
2005-04-25,0.67865
2005-04-22,0.68285
2005-04-21,0.68475
2005-04-20,0.68130
2005-04-19,0.68070
2005-04-18,0.68320
2005-04-15,0.68200
2005-04-14,0.68135
2005-04-13,0.68335
2005-04-12,0.68540
2005-04-11,0.68640
2005-04-08,0.68590
2005-04-07,0.68740
2005-04-06,0.68505
2005-04-05,0.68410
2005-04-04,0.68700
2005-04-01,0.68665
2005-03-31,0.68850
2005-03-30,0.68770
2005-03-29,0.68995
2005-03-24,0.69440
2005-03-23,0.69460
2005-03-22,0.69410
2005-03-21,0.69410
2005-03-18,0.69345
2005-03-17,0.69590
2005-03-16,0.69600
2005-03-15,0.69620
2005-03-14,0.69740
2005-03-11,0.69865
2005-03-10,0.69645
2005-03-09,0.69385
2005-03-08,0.68890
2005-03-07,0.68960
2005-03-04,0.68760
2005-03-03,0.68780
2005-03-02,0.68590
2005-03-01,0.68790
2005-02-28,0.68975
2005-02-25,0.68975
2005-02-24,0.69395
2005-02-23,0.69170
2005-02-22,0.69130
2005-02-21,0.68910
2005-02-18,0.68910
2005-02-17,0.69120
2005-02-16,0.69135
2005-02-15,0.68850
2005-02-14,0.68730
2005-02-11,0.68970
2005-02-10,0.68825
2005-02-09,0.68580
2005-02-08,0.68760
2005-02-07,0.68670
2005-02-04,0.68830
2005-02-03,0.68940
2005-02-02,0.69230
2005-02-01,0.69255
2005-01-31,0.69120
2005-01-28,0.69255
2005-01-27,0.69190
2005-01-26,0.69270
2005-01-25,0.69560
2005-01-24,0.69560
2005-01-21,0.69530
2005-01-20,0.69330
2005-01-19,0.69655
2005-01-18,0.69780
2005-01-17,0.70310
2005-01-14,0.70060
2005-01-13,0.70300
2005-01-12,0.69990
2005-01-11,0.70010
2005-01-10,0.69780
2005-01-07,0.70280
2005-01-06,0.70390
2005-01-05,0.70485
2005-01-04,0.70620
2005-01-03,0.70725
2004-12-31,0.70505
2004-12-30,0.70880
2004-12-29,0.70830
2004-12-28,0.70315
2004-12-27,0.70360
2004-12-24,0.70330
2004-12-23,0.70130
2004-12-22,0.69905
2004-12-21,0.69230
2004-12-20,0.68740
2004-12-17,0.68585
2004-12-16,0.68630
2004-12-15,0.69115
2004-12-14,0.69150
2004-12-13,0.69225
2004-12-10,0.69120
2004-12-09,0.69190
2004-12-08,0.68950
2004-12-07,0.69060
2004-12-06,0.69180
2004-12-03,0.69010
2004-12-02,0.68905
2004-12-01,0.69155
2004-11-30,0.69660
2004-11-29,0.70100
2004-11-26,0.69970
2004-11-25,0.70060
2004-11-24,0.69985
2004-11-23,0.69950
2004-11-22,0.70255
2004-11-19,0.70120
2004-11-18,0.70250
2004-11-17,0.70135
2004-11-16,0.69955
2004-11-15,0.69890
2004-11-12,0.70060
2004-11-11,0.70020
2004-11-10,0.69870
2004-11-09,0.69625
2004-11-08,0.69695
2004-11-05,0.69775
2004-11-04,0.69660
2004-11-03,0.69190
2004-11-02,0.69160
2004-11-01,0.69580
2004-10-29,0.69565
2004-10-28,0.69570
2004-10-27,0.69455
2004-10-26,0.69555
2004-10-25,0.69455
2004-10-22,0.69100
2004-10-21,0.69005
2004-10-20,0.69630
2004-10-19,0.69430
2004-10-18,0.69185
2004-10-15,0.68945
2004-10-14,0.68760
2004-10-13,0.68625
2004-10-12,0.68890
2004-10-11,0.69030
2004-10-08,0.68910
2004-10-07,0.69055
2004-10-06,0.68950
2004-10-05,0.68960
2004-10-04,0.68855
2004-10-01,0.69095
2004-09-30,0.68680
2004-09-29,0.68180
2004-09-28,0.68010
2004-09-27,0.67870
2004-09-24,0.68315
2004-09-23,0.68375
2004-09-22,0.68345
2004-09-21,0.68335
2004-09-20,0.68040
2004-09-17,0.68010
2004-09-16,0.67980
2004-09-15,0.68480
2004-09-14,0.68135
2004-09-13,0.68010
2004-09-10,0.68320
2004-09-09,0.68280
2004-09-08,0.67880
2004-09-07,0.68115
2004-09-06,0.67820
2004-09-03,0.67990
2004-09-02,0.67910
2004-09-01,0.67775
2004-08-31,0.67550
2004-08-30,0.67260
2004-08-27,0.67180
2004-08-26,0.67320
2004-08-25,0.67270
2004-08-24,0.67250
2004-08-23,0.67440
2004-08-20,0.67430
2004-08-19,0.67655
2004-08-18,0.67485
2004-08-17,0.67130
2004-08-16,0.67020
2004-08-13,0.67010
2004-08-12,0.66950
2004-08-11,0.66900
2004-08-10,0.66920
2004-08-09,0.66605
2004-08-06,0.66190
2004-08-05,0.66120
2004-08-04,0.65960
2004-08-03,0.66070
2004-08-02,0.66005
2004-07-30,0.66255
2004-07-29,0.66300
2004-07-28,0.66165
2004-07-27,0.66100
2004-07-26,0.66105
2004-07-23,0.66320
2004-07-22,0.66530
2004-07-21,0.66730
2004-07-20,0.66685
2004-07-19,0.66360
2004-07-16,0.66450
2004-07-15,0.66770
2004-07-14,0.66620
2004-07-13,0.66470
2004-07-12,0.66670
2004-07-09,0.66835
2004-07-08,0.66680
2004-07-07,0.66760
2004-07-06,0.66930
2004-07-05,0.67050
2004-07-02,0.66870
2004-07-01,0.67010
2004-06-30,0.67075
2004-06-29,0.66820
2004-06-28,0.66660
2004-06-25,0.66660
2004-06-24,0.66810
2004-06-23,0.66510
2004-06-22,0.66400
2004-06-21,0.66115
2004-06-18,0.65595
2004-06-17,0.65605
2004-06-16,0.65940
2004-06-15,0.66445
2004-06-14,0.66370
2004-06-11,0.65935
2004-06-10,0.66140
2004-06-09,0.66460
2004-06-08,0.66840
2004-06-07,0.67025
2004-06-04,0.66385
2004-06-03,0.66550
2004-06-02,0.66500
2004-06-01,0.66580
2004-05-31,0.66475
2004-05-28,0.66730
2004-05-27,0.66620
2004-05-26,0.66640
2004-05-25,0.66820
2004-05-24,0.66830
2004-05-21,0.67170
2004-05-20,0.67330
2004-05-19,0.67320
2004-05-18,0.67740
2004-05-17,0.67960
2004-05-14,0.67390
2004-05-13,0.67030
2004-05-12,0.66970
2004-05-11,0.67200
2004-05-10,0.66780
2004-05-07,0.67190
2004-05-06,0.67460
2004-05-05,0.67690
2004-05-04,0.67460
2004-05-03,0.67500
2004-04-30,0.67370
2004-04-29,0.67130
2004-04-28,0.66650
2004-04-27,0.66380
2004-04-26,0.66365
2004-04-23,0.66985
2004-04-22,0.67140
2004-04-21,0.66820
2004-04-20,0.66425
2004-04-19,0.66635
2004-04-16,0.66840
2004-04-15,0.66800
2004-04-14,0.66210
2004-04-13,0.65560
2004-04-12,-
2004-04-09,-
2004-04-08,0.66010
2004-04-07,0.65860
2004-04-06,0.65820
2004-04-05,0.66360
2004-04-02,0.66630
2004-04-01,0.66660
2004-03-31,0.66590
2004-03-30,0.66810
2004-03-29,0.66740
2004-03-26,0.66985
2004-03-25,0.67250
2004-03-24,0.66530
2004-03-23,0.66640
2004-03-22,0.66945
2004-03-19,0.67350
2004-03-18,0.67215
2004-03-17,0.67560
2004-03-16,0.67920
2004-03-15,0.68180
2004-03-12,0.68140
2004-03-11,0.67920
2004-03-10,0.67560
2004-03-09,0.67210
2004-03-08,0.66780
2004-03-05,0.67040
2004-03-04,0.66630
2004-03-03,0.66330
2004-03-02,0.66700
2004-03-01,0.66830
2004-02-27,0.67000
2004-02-26,0.66830
2004-02-25,0.66820
2004-02-24,0.67120
2004-02-23,0.67550
2004-02-20,0.67340
2004-02-19,0.67080
2004-02-18,0.67360
2004-02-17,0.67470
2004-02-16,0.67580
2004-02-13,0.67780
2004-02-12,0.67740
2004-02-11,0.67790
2004-02-10,0.68210
2004-02-09,0.68380
2004-02-06,0.68315
2004-02-05,0.68540
2004-02-04,0.68190
2004-02-03,0.68360
2004-02-02,0.68340
2004-01-30,0.68460
2004-01-29,0.68500
2004-01-28,0.68685
2004-01-27,0.69085
2004-01-26,0.68880
2004-01-23,0.68910
2004-01-22,0.68880
2004-01-21,0.69000
2004-01-20,0.69130
2004-01-19,0.69280
2004-01-16,0.68840
2004-01-15,0.69160
2004-01-14,0.69015
2004-01-13,0.68970
2004-01-12,0.69250
2004-01-09,0.69440
2004-01-08,0.69455
2004-01-07,0.69780
2004-01-06,0.69980
2004-01-05,0.70260
2004-01-02,0.70545
2004-01-01,-
2003-12-31,0.70480
2003-12-30,0.70360
2003-12-29,0.70400
2003-12-26,-
2003-12-25,-
2003-12-24,0.70175
2003-12-23,0.70250
2003-12-22,0.70540
2003-12-19,0.70290
2003-12-18,0.70155
2003-12-17,0.70300
2003-12-16,0.70620
2003-12-15,0.70130
2003-12-12,0.70125
2003-12-11,0.69800
2003-12-10,0.70240
2003-12-09,0.70335
2003-12-08,0.70430
2003-12-05,0.70210
2003-12-04,0.70045
2003-12-03,0.69990
2003-12-02,0.69585
2003-12-01,0.69650
2003-11-28,0.69710
2003-11-27,0.69470
2003-11-26,0.69680
2003-11-25,0.69415
2003-11-24,0.69605
2003-11-21,0.69830
2003-11-20,0.69940
2003-11-19,0.70210
2003-11-18,0.69705
2003-11-17,0.69830
2003-11-14,0.69700
2003-11-13,0.69380
2003-11-12,0.69300
2003-11-11,0.68960
2003-11-10,0.68660
2003-11-07,0.68710
2003-11-06,0.68300
2003-11-05,0.68385
2003-11-04,0.68400
2003-11-03,0.68365
2003-10-31,0.68630
2003-10-30,0.68825
2003-10-29,0.68580
2003-10-28,0.69040
2003-10-27,0.69350
2003-10-24,0.69480
2003-10-23,0.69650
2003-10-22,0.69500
2003-10-21,0.69580
2003-10-20,0.69385
2003-10-17,0.69360
2003-10-16,0.69470
2003-10-15,0.69905
2003-10-14,0.70200
2003-10-13,0.70435
2003-10-10,0.70845
2003-10-09,0.70870
2003-10-08,0.70830
2003-10-07,0.70455
2003-10-06,0.69520
2003-10-03,0.70020
2003-10-02,0.70150
2003-10-01,0.70470
2003-09-30,0.69860
2003-09-29,0.69310
2003-09-26,0.69165
2003-09-25,0.69335
2003-09-24,0.69300
2003-09-23,0.69360
2003-09-22,0.69680
2003-09-19,0.69510
2003-09-18,0.69900
2003-09-17,0.70020
2003-09-16,0.70480
2003-09-15,0.70380
2003-09-12,0.70100
2003-09-11,0.70360
2003-09-10,0.70300
2003-09-09,0.70250
2003-09-08,0.69850
2003-09-05,0.69190
2003-09-04,0.68870
2003-09-03,0.69000
2003-09-02,0.69210
2003-09-01,0.69810
2003-08-29,0.69260
2003-08-28,0.69035
2003-08-27,0.69430
2003-08-26,0.69180
2003-08-25,0.69090
2003-08-22,0.69190
2003-08-21,0.69440
2003-08-20,0.69740
2003-08-19,0.69910
2003-08-18,0.70330
2003-08-15,0.70375
2003-08-14,0.70120
2003-08-13,0.70320
2003-08-12,0.70650
2003-08-11,0.70545
2003-08-08,0.70335
2003-08-07,0.70635
2003-08-06,0.70500
2003-08-05,0.70450
2003-08-04,0.70150
2003-08-01,0.69620
2003-07-31,0.70190
2003-07-30,0.70440
2003-07-29,0.70620
2003-07-28,0.70680
2003-07-25,0.71100
2003-07-24,0.71160
2003-07-23,0.71100
2003-07-22,0.70830
2003-07-21,0.70890
2003-07-18,0.70445
2003-07-17,0.70510
2003-07-16,0.70130
2003-07-15,0.70325
2003-07-14,0.69500
2003-07-11,0.69185
2003-07-10,0.69810
2003-07-09,0.69580
2003-07-08,0.69070
2003-07-07,0.68855
2003-07-04,0.68675
2003-07-03,0.68960
2003-07-02,0.69370
2003-07-01,0.69605
2003-06-30,0.69320
2003-06-27,0.69010
2003-06-26,0.68700
2003-06-25,0.69150
2003-06-24,0.69400
2003-06-23,0.69470
2003-06-20,0.69660
2003-06-19,0.69650
2003-06-18,0.69650
2003-06-17,0.70200
2003-06-16,0.70460
2003-06-13,0.70530
2003-06-12,0.70215
2003-06-11,0.70470
2003-06-10,0.70650
2003-06-09,0.70830
2003-06-06,0.70930
2003-06-05,0.71210
2003-06-04,0.71720
2003-06-03,0.71730
2003-06-02,0.71750
2003-05-30,0.71960
2003-05-29,0.71580
2003-05-28,0.71840
2003-05-27,0.72350
2003-05-26,0.72100
2003-05-23,0.72010
2003-05-22,0.71630
2003-05-21,0.71160
2003-05-20,0.71300
2003-05-19,0.71320
2003-05-16,0.70650
2003-05-15,0.70720
2003-05-14,0.71180
2003-05-13,0.71650
2003-05-12,0.71970
2003-05-09,0.71560
2003-05-08,0.71190
2003-05-07,0.71210
2003-05-06,0.70440
2003-05-05,0.69960
2003-05-02,0.69980
2003-05-01,-
2003-04-30,0.69700
2003-04-29,0.68910
2003-04-28,0.69140
2003-04-25,0.69140
2003-04-24,0.69150
2003-04-23,0.69350
2003-04-22,0.69610
2003-04-21,-
2003-04-18,-
2003-04-17,0.69170
2003-04-16,0.68770
2003-04-15,0.68570
2003-04-14,0.68270
2003-04-11,0.68420
2003-04-10,0.69000
2003-04-09,0.69020
2003-04-08,0.68720
2003-04-07,0.68280
2003-04-04,0.68440
2003-04-03,0.68530
2003-04-02,0.68770
2003-04-01,0.69080
2003-03-31,0.68960
2003-03-28,0.68650
2003-03-27,0.68110
2003-03-26,0.67790
2003-03-25,0.67840
2003-03-24,0.67630
2003-03-21,0.67570
2003-03-20,0.67700
2003-03-19,0.67870
2003-03-18,0.67740
2003-03-17,0.68270
2003-03-14,0.67770
2003-03-13,0.67710
2003-03-12,0.68350
2003-03-11,0.69080
2003-03-10,0.69050
2003-03-07,0.68670
2003-03-06,0.68310
2003-03-05,0.68760
2003-03-04,0.68990
2003-03-03,0.68530
2003-02-28,0.68420
2003-02-27,0.68420
2003-02-26,0.68220
2003-02-25,0.68400
2003-02-24,0.68000
2003-02-21,0.67900
2003-02-20,0.67445
2003-02-19,0.67270
2003-02-18,0.67130
2003-02-17,0.67040
2003-02-14,0.66770
2003-02-13,0.66440
2003-02-12,0.66380
2003-02-11,0.66060
2003-02-10,0.66140
2003-02-07,0.66280
2003-02-06,0.65920
2003-02-05,0.66070
2003-02-04,0.65710
2003-02-03,0.65530
2003-01-31,0.65570
2003-01-30,0.65340
2003-01-29,0.65990
2003-01-28,0.65970
2003-01-27,0.66470
2003-01-24,0.66060
2003-01-23,0.66380
2003-01-22,0.66450
2003-01-21,0.66260
2003-01-20,0.66350
2003-01-17,0.65820
2003-01-16,0.65850
2003-01-15,0.65920
2003-01-14,0.65830
2003-01-13,0.65680
2003-01-10,0.65340
2003-01-09,0.65300
2003-01-08,0.64950
2003-01-07,0.64960
2003-01-06,0.64950
2003-01-03,0.65000
2003-01-02,0.65200
2003-01-01,-
2002-12-31,0.65050
2002-12-30,0.65000
2002-12-27,0.64800
2002-12-26,-
2002-12-25,-
2002-12-24,0.64670
2002-12-23,0.64460
2002-12-20,0.63990
2002-12-19,0.64030
2002-12-18,0.64030
2002-12-17,0.64450
2002-12-16,0.64260
2002-12-13,0.64450
2002-12-12,0.64370
2002-12-11,0.64060
2002-12-10,0.64160
2002-12-09,0.63930
2002-12-06,0.63770
2002-12-05,0.63640
2002-12-04,0.63670
2002-12-03,0.63740
2002-12-02,0.63820
2002-11-29,0.63950
2002-11-28,0.63950
2002-11-27,0.64130
2002-11-26,0.63450
2002-11-25,0.63260
2002-11-22,0.63350
2002-11-21,0.63560
2002-11-20,0.63640
2002-11-19,0.63730
2002-11-18,0.63740
2002-11-15,0.63620
2002-11-14,0.63550
2002-11-13,0.63430
2002-11-12,0.63580
2002-11-11,0.63700
2002-11-08,0.63750
2002-11-07,0.63840
2002-11-06,0.63940
2002-11-05,0.64130
2002-11-04,0.63900
2002-11-01,0.63680
2002-10-31,0.63260
2002-10-30,0.63170
2002-10-29,0.63070
2002-10-28,0.62990
2002-10-25,0.62860
2002-10-24,0.62950
2002-10-23,0.63130
2002-10-22,0.63150
2002-10-21,0.63000
2002-10-18,0.62830
2002-10-17,0.62665
2002-10-16,0.63180
2002-10-15,0.63100
2002-10-14,0.63220
2002-10-11,0.63210
2002-10-10,0.63170
2002-10-09,0.63180
2002-10-08,0.62660
2002-10-07,0.62650
2002-10-04,0.62900
2002-10-03,0.62960
2002-10-02,0.62790
2002-10-01,0.62770
2002-09-30,0.62950
2002-09-27,0.62820
2002-09-26,0.62740
2002-09-25,0.62710
2002-09-24,0.63110
2002-09-23,0.63190
2002-09-20,0.63330
2002-09-19,0.63140
2002-09-18,0.63160
2002-09-17,0.62970
2002-09-16,0.62800
2002-09-13,0.62860
2002-09-12,0.62740
2002-09-11,0.62640
2002-09-10,0.62810
2002-09-09,0.62870
2002-09-06,0.63255
2002-09-05,0.63540
2002-09-04,0.63540
2002-09-03,0.63630
2002-09-02,0.63430
2002-08-30,0.63520
2002-08-29,0.63830
2002-08-28,0.63940
2002-08-27,0.64000
2002-08-26,0.63820
2002-08-23,0.63840
2002-08-22,0.63950
2002-08-21,0.64060
2002-08-20,0.64160
2002-08-19,0.63800
2002-08-16,0.64030
2002-08-15,0.63810
2002-08-14,0.63940
2002-08-13,0.63910
2002-08-12,0.63860
2002-08-09,0.63550
2002-08-08,0.63350
2002-08-07,0.63110
2002-08-06,0.62790
2002-08-05,0.62970
2002-08-02,0.62950
2002-08-01,0.62740
2002-07-31,0.62610
2002-07-30,0.62940
2002-07-29,0.62850
2002-07-26,0.63370
2002-07-25,0.63600
2002-07-24,0.63310
2002-07-23,0.63290
2002-07-22,0.64110
2002-07-19,0.64300
2002-07-18,0.64280
2002-07-17,0.64320
2002-07-16,0.64380
2002-07-15,0.64130
2002-07-12,0.63820
2002-07-11,0.63790
2002-07-10,0.63960
2002-07-09,0.64250
2002-07-08,0.64220
2002-07-05,0.64120
2002-07-04,0.64140
2002-07-03,0.64210
2002-07-02,0.64320
2002-07-01,0.64690
2002-06-28,0.64980
2002-06-27,0.64600
2002-06-26,0.64910
2002-06-25,0.64640
2002-06-24,0.65010
2002-06-21,0.64440
2002-06-20,0.64220
2002-06-19,0.64080
2002-06-18,0.63930
2002-06-17,0.63860
2002-06-14,0.64200
2002-06-13,0.64040
2002-06-12,0.64310
2002-06-11,0.64300
2002-06-10,0.64730
2002-06-07,0.64650
2002-06-06,0.64380
2002-06-05,0.64300
2002-06-04,0.64500
2002-06-03,0.64020
2002-05-31,0.64050
2002-05-30,0.63950
2002-05-29,0.63730
2002-05-28,0.63440
2002-05-27,0.63180
2002-05-24,0.63270
2002-05-23,0.63230
2002-05-22,0.63400
2002-05-21,0.63210
2002-05-20,0.63020
2002-05-17,0.62790
2002-05-16,0.62530
2002-05-15,0.62280
2002-05-14,0.62400
2002-05-13,0.62440
2002-05-10,0.62390
2002-05-09,0.62210
2002-05-08,0.62270
2002-05-07,0.62300
2002-05-06,0.62300
2002-05-03,0.61920
2002-05-02,0.61790
2002-05-01,-
2002-04-30,0.61880
2002-04-29,0.61860
2002-04-26,0.61770
2002-04-25,0.61780
2002-04-24,0.61500
2002-04-23,0.61320
2002-04-22,0.61380
2002-04-19,0.61440
2002-04-18,0.61540
2002-04-17,0.61480
2002-04-16,0.61260
2002-04-15,0.61240
2002-04-12,0.61250
2002-04-11,0.61270
2002-04-10,0.61230
2002-04-09,0.61230
2002-04-08,0.61180
2002-04-05,0.61250
2002-04-04,0.61390
2002-04-03,0.61210
2002-04-02,0.61090
2002-04-01,-
2002-03-29,-
2002-03-28,0.61300
2002-03-27,0.61390
2002-03-26,0.61380
2002-03-25,0.61350
2002-03-22,0.61690
2002-03-21,0.61800
2002-03-20,0.61960
2002-03-19,0.61810
2002-03-18,0.61740
2002-03-15,0.62130
2002-03-14,0.62090
2002-03-13,0.61920
2002-03-12,0.61770
2002-03-11,0.61530
2002-03-08,0.61620
2002-03-07,0.61650
2002-03-06,0.61250
2002-03-05,0.61090
2002-03-04,0.60970
2002-03-01,0.61030
2002-02-28,0.61115
2002-02-27,0.61000
2002-02-26,0.60920
2002-02-25,0.61140
2002-02-22,0.61170
2002-02-21,0.61050
2002-02-20,0.61140
2002-02-19,0.61010
2002-02-18,0.60980
2002-02-15,0.60950
2002-02-14,0.60930
2002-02-13,0.61020
2002-02-12,0.61360
2002-02-11,0.61760
2002-02-08,0.61830
2002-02-07,0.61490
2002-02-06,0.61220
2002-02-05,0.61150
2002-02-04,0.60970
2002-02-01,0.61000
2002-01-31,0.61110
2002-01-30,0.61100
2002-01-29,0.61060
2002-01-28,0.60960
2002-01-25,0.61260
2002-01-24,0.61690
2002-01-23,0.62030
2002-01-22,0.61840
2002-01-21,0.61560
2002-01-18,0.61410
2002-01-17,0.61440
2002-01-16,0.61350
2002-01-15,0.61650
2002-01-14,0.61570
2002-01-11,0.61790
2002-01-10,0.61720
2002-01-09,0.61875
2002-01-08,0.61820
2002-01-07,0.61940
2002-01-04,0.62170
2002-01-03,0.62540
2002-01-02,0.62620
2002-01-01,-
2001-12-31,-
2001-12-28,0.60850
2001-12-27,0.60900
2001-12-26,-
2001-12-25,-
2001-12-24,0.61270
2001-12-21,0.61760
2001-12-20,0.62030
2001-12-19,0.61970
2001-12-18,0.61890
2001-12-17,0.62130
2001-12-14,0.62170
2001-12-13,0.62090
2001-12-12,0.62070
2001-12-11,0.62100
2001-12-10,0.61980
2001-12-07,0.62410
2001-12-06,0.62555
2001-12-05,0.62700
2001-12-04,0.62590
2001-12-03,0.62750
2001-11-30,0.62380
2001-11-29,0.62360
2001-11-28,0.62350
2001-11-27,0.62360
2001-11-26,0.62200
2001-11-23,0.62190
2001-11-22,0.62110
2001-11-21,0.61940
2001-11-20,0.62270
2001-11-19,0.61860
2001-11-16,0.61750
2001-11-15,0.61490
2001-11-14,0.61260
2001-11-13,0.61250
2001-11-12,0.61355
2001-11-09,0.61440
2001-11-08,0.61280
2001-11-07,0.61550
2001-11-06,0.61520
2001-11-05,0.61620
2001-11-02,0.61830
2001-11-01,0.62060
2001-10-31,0.62130
2001-10-30,0.62320
2001-10-29,0.62100
2001-10-26,0.62340
2001-10-25,0.62400
2001-10-24,0.62570
2001-10-23,0.62580
2001-10-22,0.62700
2001-10-19,0.62490
2001-10-18,0.62490
2001-10-17,0.62410
2001-10-16,0.62620
2001-10-15,0.62730
2001-10-12,0.62480
2001-10-11,0.62520
2001-10-10,0.62860
2001-10-09,0.62570
2001-10-08,0.62510
2001-10-05,0.62040
2001-10-04,0.61920
2001-10-03,0.62450
2001-10-02,0.62080
2001-10-01,0.61740
2001-09-28,0.62200
2001-09-27,0.62440
2001-09-26,0.62550
2001-09-25,0.62750
2001-09-24,0.62660
2001-09-21,0.63010
2001-09-20,0.63200
2001-09-19,0.63230
2001-09-18,0.63040
2001-09-17,0.63040
2001-09-14,0.62470
2001-09-13,0.61690
2001-09-12,0.61760
2001-09-11,0.61560
2001-09-10,0.61720
2001-09-07,0.61610
2001-09-06,0.61090
2001-09-05,0.61480
2001-09-04,0.61970
2001-09-03,0.62350
2001-08-31,0.62850
2001-08-30,0.62570
2001-08-29,0.62690
2001-08-28,0.62810
2001-08-27,0.63070
2001-08-24,0.63170
2001-08-23,0.63060
2001-08-22,0.63260
2001-08-21,0.63040
2001-08-20,0.63300
2001-08-17,0.63270
2001-08-16,0.63280
2001-08-15,0.63440
2001-08-14,0.63120
2001-08-13,0.63120
2001-08-10,0.62690
2001-08-09,0.62340
2001-08-08,0.61870
2001-08-07,0.61950
2001-08-06,0.61900
2001-08-03,0.61640
2001-08-02,0.61450
2001-08-01,0.61560
2001-07-31,0.61430
2001-07-30,0.61360
2001-07-27,0.61410
2001-07-26,0.61460
2001-07-25,0.61570
2001-07-24,0.61390
2001-07-23,0.60970
2001-07-20,0.61180
2001-07-19,0.61500
2001-07-18,0.61270
2001-07-17,0.60880
2001-07-16,0.61260
2001-07-13,0.60910
2001-07-12,0.60710
2001-07-11,0.60780
2001-07-10,0.60520
2001-07-09,0.60140
2001-07-06,0.59960
2001-07-05,0.59900
2001-07-04,0.60260
2001-07-03,0.60190
2001-07-02,0.59800
2001-06-29,0.60310
2001-06-28,0.60350
2001-06-27,0.60910
2001-06-26,0.60900
2001-06-25,0.60820
2001-06-22,0.60370
2001-06-21,0.60640
2001-06-20,0.61100
2001-06-19,0.61320
2001-06-18,0.61240
2001-06-15,0.61500
2001-06-14,0.61140
2001-06-13,0.62030
2001-06-12,0.61520
2001-06-11,0.61360
2001-06-08,0.61280
2001-06-07,0.61240
2001-06-06,0.60870
2001-06-05,0.59980
2001-06-04,0.60040
2001-06-01,0.59780
2001-05-31,0.59730
2001-05-30,0.60240
2001-05-29,0.60320
2001-05-28,0.60480
2001-05-25,0.60450
2001-05-24,0.60770
2001-05-23,0.60370
2001-05-22,0.60690
2001-05-21,0.60900
2001-05-18,0.61370
2001-05-17,0.61650
2001-05-16,0.61930
2001-05-15,0.61850
2001-05-14,0.61720
2001-05-11,0.61810
2001-05-10,0.62230
2001-05-09,0.62130
2001-05-08,0.61850
2001-05-07,0.62000
2001-05-04,0.62260
2001-05-03,0.62220
2001-05-02,0.62250
2001-05-01,-
2001-04-30,0.61950
2001-04-27,0.62540
2001-04-26,0.62460
2001-04-25,0.62270
2001-04-24,0.62360
2001-04-23,0.62460
2001-04-20,0.62350
2001-04-19,0.61720
2001-04-18,0.61560
2001-04-17,0.61310
2001-04-16,-
2001-04-13,-
2001-04-12,0.61730
2001-04-11,0.61790
2001-04-10,0.61990
2001-04-09,0.62430
2001-04-06,0.62650
2001-04-05,0.62820
2001-04-04,0.62890
2001-04-03,0.62120
2001-04-02,0.61800
2001-03-30,0.61920
2001-03-29,0.61480
2001-03-28,0.61940
2001-03-27,0.62400
2001-03-26,0.62310
2001-03-23,0.62580
2001-03-22,0.62570
2001-03-21,0.62930
2001-03-20,0.63130
2001-03-19,0.62920
2001-03-16,0.62510
2001-03-15,0.62850
2001-03-14,0.63040
2001-03-13,0.63410
2001-03-12,0.63360
2001-03-09,0.63740
2001-03-08,0.63440
2001-03-07,0.63580
2001-03-06,0.63230
2001-03-05,0.63300
2001-03-02,0.63560
2001-03-01,0.63920
2001-02-28,0.63870
2001-02-27,0.63490
2001-02-26,0.62830
2001-02-23,0.62650
2001-02-22,0.62700
2001-02-21,0.63350
2001-02-20,0.63140
2001-02-19,0.63440
2001-02-16,0.62840
2001-02-15,0.62790
2001-02-14,0.63060
2001-02-13,0.63760
2001-02-12,0.63980
2001-02-09,0.63820
2001-02-08,0.63550
2001-02-07,0.63840
2001-02-06,0.63660
2001-02-05,0.63870
2001-02-02,0.63640
2001-02-01,0.63710
2001-01-31,0.63670
2001-01-30,0.62980
2001-01-29,0.63040
2001-01-26,0.63150
2001-01-25,0.63040
2001-01-24,0.63410
2001-01-23,0.63880
2001-01-22,0.63900
2001-01-19,0.63800
2001-01-18,0.63850
2001-01-17,0.63660
2001-01-16,0.64070
2001-01-15,0.63880
2001-01-12,0.64080
2001-01-11,0.63500
2001-01-10,0.63080
2001-01-09,0.63140
2001-01-08,0.63280
2001-01-05,0.63490
2001-01-04,0.63260
2001-01-03,0.63250
2001-01-02,0.63150
2001-01-01,-
2000-12-29,0.62410
2000-12-28,0.62380
2000-12-27,0.62540
2000-12-26,-
2000-12-25,-
2000-12-22,0.62420
2000-12-21,0.61800
2000-12-20,0.61730
2000-12-19,0.60720
2000-12-18,0.60740
2000-12-15,0.60880
2000-12-14,0.60300
2000-12-13,0.60400
2000-12-12,0.60640
2000-12-11,0.60490
2000-12-08,0.61280
2000-12-07,0.61920
2000-12-06,0.61520
2000-12-05,0.61010
2000-12-04,0.61370
2000-12-01,0.60950
2000-11-30,0.61280
2000-11-29,0.60690
2000-11-28,0.60190
2000-11-27,0.59660
2000-11-24,0.59940
2000-11-23,0.60000
2000-11-22,0.59590
2000-11-21,0.59680
2000-11-20,0.59550
2000-11-17,0.59990
2000-11-16,0.60180
2000-11-15,0.60310
2000-11-14,0.59950
2000-11-13,0.60160
2000-11-10,0.60590
2000-11-09,0.60170
2000-11-08,0.60060
2000-11-07,0.60100
2000-11-06,0.59950
2000-11-03,0.60130
2000-11-02,0.59560
2000-11-01,0.59120
2000-10-31,0.58090
2000-10-30,0.58120
2000-10-27,0.58040
2000-10-26,0.58070
2000-10-25,0.57710
2000-10-24,0.57700
2000-10-23,0.57600
2000-10-20,0.58320
2000-10-19,0.58260
2000-10-18,0.58730
2000-10-17,0.59080
2000-10-16,0.58840
2000-10-13,0.58680
2000-10-12,0.59210
2000-10-11,0.59680
2000-10-10,0.59920
2000-10-09,0.60060
2000-10-06,0.60140
2000-10-05,0.60270
2000-10-04,0.60030
2000-10-03,0.60060
2000-10-02,0.59910
2000-09-29,0.59670
2000-09-28,0.60250
2000-09-27,0.60450
2000-09-26,0.60280
2000-09-25,0.60280
2000-09-22,0.60630
2000-09-21,0.60040
2000-09-20,0.59890
2000-09-19,0.60840
2000-09-18,0.60960
2000-09-15,0.61250
2000-09-14,0.61330
2000-09-13,0.61420
2000-09-12,0.61450
2000-09-11,0.60780
2000-09-08,0.61240
2000-09-07,0.60470
2000-09-06,0.60870
2000-09-05,0.61240
2000-09-04,0.61540
2000-09-01,0.61350
2000-08-31,0.61320
2000-08-30,0.61480
2000-08-29,0.61390
2000-08-28,0.61200
2000-08-25,0.61220
2000-08-24,0.60870
2000-08-23,0.60270
2000-08-22,0.60380
2000-08-21,0.60510
2000-08-18,0.60990
2000-08-17,0.60960
2000-08-16,0.60520
2000-08-15,0.60590
2000-08-14,0.59840
2000-08-11,0.60610
2000-08-10,0.60180
2000-08-09,0.59780
2000-08-08,0.59960
2000-08-07,0.60320
2000-08-04,0.60080
2000-08-03,0.60700
2000-08-02,0.61430
2000-08-01,0.61720
2000-07-31,0.61790
2000-07-28,0.61500
2000-07-27,0.61980
2000-07-26,0.61890
2000-07-25,0.62010
2000-07-24,0.61510
2000-07-21,0.61850
2000-07-20,0.61650
2000-07-19,0.61560
2000-07-18,0.62410
2000-07-17,0.62700
2000-07-14,0.62270
2000-07-13,0.62240
2000-07-12,0.62700
2000-07-11,0.63000
2000-07-10,0.62800
2000-07-07,0.62780
2000-07-06,0.63100
2000-07-05,0.63130
2000-07-04,0.62710
2000-07-03,0.62810
2000-06-30,0.63230
2000-06-29,0.62570
2000-06-28,0.62530
2000-06-27,0.62810
2000-06-26,0.62150
2000-06-23,0.62500
2000-06-22,0.62440
2000-06-21,0.63070
2000-06-20,0.63260
2000-06-19,0.63730
2000-06-16,0.63290
2000-06-15,0.63160
2000-06-14,0.64020
2000-06-13,0.63300
2000-06-12,0.63030
2000-06-09,0.63100
2000-06-08,0.63590
2000-06-07,0.62760
2000-06-06,0.62640
2000-06-05,0.62300
2000-06-02,0.62510
2000-06-01,0.62400
2000-05-31,0.62250
2000-05-30,0.62260
2000-05-29,0.62230
2000-05-26,0.62090
2000-05-25,0.61000
2000-05-24,0.61650
2000-05-23,0.61510
2000-05-22,0.60500
2000-05-19,0.59880
2000-05-18,0.60390
2000-05-17,0.59870
2000-05-16,0.60450
2000-05-15,0.60450
2000-05-12,0.59600
2000-05-11,0.60510
2000-05-10,0.59760
2000-05-09,0.58470
2000-05-08,0.58510
2000-05-05,0.58380
2000-05-04,0.58180
2000-05-03,0.57110
2000-05-02,0.58270
2000-05-01,-
2000-04-28,0.57940
2000-04-27,0.58270
2000-04-26,0.58270
2000-04-25,0.58960
2000-04-24,-
2000-04-21,-
2000-04-20,0.59340
2000-04-19,0.59830
2000-04-18,0.60030
2000-04-17,0.60260
2000-04-14,0.60160
2000-04-13,0.59990
2000-04-12,0.60380
2000-04-11,0.60550
2000-04-10,0.60640
2000-04-07,0.60470
2000-04-06,0.60750
2000-04-05,0.60880
2000-04-04,0.59710
2000-04-03,0.60000
2000-03-31,0.59850
2000-03-30,0.60100
2000-03-29,0.60320
2000-03-28,0.60880
2000-03-27,0.60870
2000-03-24,0.61150
2000-03-23,0.61040
2000-03-22,0.61250
2000-03-21,0.61760
2000-03-20,0.62010
2000-03-17,0.61460
2000-03-16,0.61550
2000-03-15,0.61400
2000-03-14,0.61230
2000-03-13,0.61460
2000-03-10,0.60950
2000-03-09,0.60860
2000-03-08,0.60430
2000-03-07,0.60960
2000-03-06,0.61110
2000-03-03,0.61170
2000-03-02,0.61400
2000-03-01,0.61230
2000-02-29,0.61340
2000-02-28,0.60720
2000-02-25,0.61550
2000-02-24,0.61880
2000-02-23,0.62520
2000-02-22,0.62260
2000-02-21,0.61610
2000-02-18,0.61440
2000-02-17,0.61580
2000-02-16,0.61290
2000-02-15,0.61590
2000-02-14,0.62010
2000-02-11,0.61360
2000-02-10,0.61260
2000-02-09,0.61690
2000-02-08,0.61820
2000-02-07,0.61340
2000-02-04,0.61950
2000-02-03,0.60860
2000-02-02,0.60510
2000-02-01,0.60200
2000-01-31,0.60470
2000-01-28,0.60510
2000-01-27,0.60890
2000-01-26,0.60940
2000-01-25,0.60830
2000-01-24,0.60620
2000-01-21,0.61130
2000-01-20,0.61270
2000-01-19,0.61720
2000-01-18,0.61740
2000-01-17,0.61800
2000-01-14,0.62210
2000-01-13,0.62550
2000-01-12,0.62530
2000-01-11,0.62510
2000-01-10,0.62490
2000-01-07,0.62620
2000-01-06,0.63020
2000-01-05,0.63240
2000-01-04,0.62960
2000-01-03,0.62460
1999-12-31,-
1999-12-30,0.62170
1999-12-29,0.62260
1999-12-28,0.62490
1999-12-27,0.62670
1999-12-24,0.62670
1999-12-23,0.62650
1999-12-22,0.62530
1999-12-21,0.62760
1999-12-20,0.62800
1999-12-17,0.62870
1999-12-16,0.62860
1999-12-15,0.62410
1999-12-14,0.62150
1999-12-13,0.62380
1999-12-10,0.62470
1999-12-09,0.62610
1999-12-08,0.62940
1999-12-07,0.63020
1999-12-06,0.63100
1999-12-03,0.62550
1999-12-02,0.62920
1999-12-01,0.63040
1999-11-30,0.63250
1999-11-29,0.62970
1999-11-26,0.63010
1999-11-25,0.63120
1999-11-24,0.63310
1999-11-23,0.63480
1999-11-22,0.63610
1999-11-19,0.63530
1999-11-18,0.63970
1999-11-17,0.64000
1999-11-16,0.63690
1999-11-15,0.63710
1999-11-12,0.63800
1999-11-11,0.64140
1999-11-10,0.64160
1999-11-09,0.64150
1999-11-08,0.64120
1999-11-05,0.63970
1999-11-04,0.63890
1999-11-03,0.63610
1999-11-02,0.63820
1999-11-01,0.64130
1999-10-29,0.63930
1999-10-28,0.64150
1999-10-27,0.63920
1999-10-26,0.64130
1999-10-25,0.64330
1999-10-22,0.64260
1999-10-21,0.64460
1999-10-20,0.64600
1999-10-19,0.64740
1999-10-18,0.65090
1999-10-15,0.65190
1999-10-14,0.64990
1999-10-13,0.65180
1999-10-12,0.64590
1999-10-11,0.64240
1999-10-08,0.64510
1999-10-07,0.64900
1999-10-06,0.64880
1999-10-05,0.64560
1999-10-04,0.64690
1999-10-01,0.64990
1999-09-30,0.64750
1999-09-29,0.64300
1999-09-28,0.63620
1999-09-27,0.63270
1999-09-24,0.63740
1999-09-23,0.63900
1999-09-22,0.64230
1999-09-21,0.63830
1999-09-20,0.64100
1999-09-17,0.64230
1999-09-16,0.64160
1999-09-15,0.64620
1999-09-14,0.64680
1999-09-13,0.64070
1999-09-10,0.64630
1999-09-09,0.65130
1999-09-08,0.65360
1999-09-07,0.65760
1999-09-06,0.66070
1999-09-03,0.66340
1999-09-02,0.66310
1999-09-01,0.65930
1999-08-31,0.65850
1999-08-30,0.65820
1999-08-27,0.65880
1999-08-26,0.65740
1999-08-25,0.65720
1999-08-24,0.65760
1999-08-23,0.65800
1999-08-20,0.65900
1999-08-19,0.65560
1999-08-18,0.65560
1999-08-17,0.65840
1999-08-16,0.65850
1999-08-13,0.66190
1999-08-12,0.66140
1999-08-11,0.66230
1999-08-10,0.66550
1999-08-09,0.66650
1999-08-06,0.66500
1999-08-05,0.66700
1999-08-04,0.66270
1999-08-03,0.65880
1999-08-02,0.65910
1999-07-30,0.65980
1999-07-29,0.66650
1999-07-28,0.66830
1999-07-27,0.66800
1999-07-26,0.67310
1999-07-23,0.66340
1999-07-22,0.66420
1999-07-21,0.66530
1999-07-20,0.66180
1999-07-19,0.65110
1999-07-16,0.65090
1999-07-15,0.65130
1999-07-14,0.65230
1999-07-13,0.65380
1999-07-12,0.65270
1999-07-09,0.65770
1999-07-08,0.65440
1999-07-07,0.65630
1999-07-06,0.65140
1999-07-05,0.64910
1999-07-02,0.64980
1999-07-01,0.65020
1999-06-30,0.65630
1999-06-29,0.65440
1999-06-28,0.65640
1999-06-25,0.65780
1999-06-24,0.65330
1999-06-23,0.65110
1999-06-22,0.64980
1999-06-21,0.65060
1999-06-18,0.65060
1999-06-17,0.64810
1999-06-16,0.65100
1999-06-15,0.65010
1999-06-14,0.64730
1999-06-11,0.65060
1999-06-10,0.65380
1999-06-09,0.65230
1999-06-08,0.64890
1999-06-07,0.64140
1999-06-04,0.64120
1999-06-03,0.64580
1999-06-02,0.64430
1999-06-01,0.65050
1999-05-31,0.65240
1999-05-28,0.65460
1999-05-27,0.65510
1999-05-26,0.65800
1999-05-25,0.66340
1999-05-24,0.66170
1999-05-21,0.65830
1999-05-20,0.65910
1999-05-19,0.65690
1999-05-18,0.65920
1999-05-17,0.65980
1999-05-14,0.66010
1999-05-13,0.65600
1999-05-12,0.65770
1999-05-11,0.66190
1999-05-10,0.66040
1999-05-07,0.66100
1999-05-06,0.66010
1999-05-05,0.65520
1999-05-04,0.65530
1999-05-03,0.65710
1999-04-30,0.65710
1999-04-29,0.65840
1999-04-28,0.65830
1999-04-27,0.65870
1999-04-26,0.65690
1999-04-23,0.65830
1999-04-22,0.65850
1999-04-21,0.65930
1999-04-20,0.65890
1999-04-19,0.65860
1999-04-16,0.66330
1999-04-15,0.66820
1999-04-14,0.66670
1999-04-13,0.66710
1999-04-12,0.67230
1999-04-09,0.67240
1999-04-08,0.67310
1999-04-07,0.67720
1999-04-06,0.67590
1999-04-05,0.67020
1999-04-02,0.67200
1999-04-01,0.66900
1999-03-31,0.66630
1999-03-30,0.66380
1999-03-29,0.66150
1999-03-26,0.66500
1999-03-25,0.66680
1999-03-24,0.66530
1999-03-23,0.67060
1999-03-22,0.66770
1999-03-19,0.67080
1999-03-18,0.67600
1999-03-17,0.67440
1999-03-16,0.67030
1999-03-15,0.67390
1999-03-12,0.66860
1999-03-11,0.66940
1999-03-10,0.67460
1999-03-09,0.67540
1999-03-08,0.67760
1999-03-05,0.67370
1999-03-04,0.67590
1999-03-03,0.67230
1999-03-02,0.67640
1999-03-01,0.68290
1999-02-26,0.68730
1999-02-25,0.68880
1999-02-24,0.68830
1999-02-23,0.67960
1999-02-22,0.67890
1999-02-19,0.68380
1999-02-18,0.68710
1999-02-17,0.68730
1999-02-16,0.68540
1999-02-15,0.68950
1999-02-12,0.69170
1999-02-11,0.69750
1999-02-10,0.69540
1999-02-09,0.69110
1999-02-08,0.68880
1999-02-05,0.68850
1999-02-04,0.68940
1999-02-03,0.69250
1999-02-02,0.68880
1999-02-01,0.69040
1999-01-29,0.69100
1999-01-28,0.69280
1999-01-27,0.69680
1999-01-26,0.69760
1999-01-25,0.69890
1999-01-22,0.70050
1999-01-21,0.70230
1999-01-20,0.70140
1999-01-19,0.70000
1999-01-18,0.70130
1999-01-15,0.70390
1999-01-14,0.70620
1999-01-13,0.70840
1999-01-12,0.70660
1999-01-11,0.70440
1999-01-08,0.70940
1999-01-07,0.70585
1999-01-06,0.70760
1999-01-05,0.71220
1999-01-04,0.71110