Dataset name: Exchange Rates; Frequency: Daily; Currency: Norwegian krone; Currency denominator: Euro; Exchange rate type: Spot; Series variation - EXR context: Average or standardised measure for given frequency
,EXR.D.NOK.EUR.SP00.A
,"ECB reference exchange rate, Norwegian krone/Euro, 2:15 pm (C.E.T.)"
Period\Unit:,[Norwegian krone ]
2011-06-24,7.7825
2011-06-23,7.8030
2011-06-22,7.8665
2011-06-21,7.9120
2011-06-20,7.9265
2011-06-17,7.8695
2011-06-16,7.8785
2011-06-15,7.8200
2011-06-14,7.7965
2011-06-13,7.8660
2011-06-10,7.8555
2011-06-09,7.8730
2011-06-08,7.8855
2011-06-07,7.8395
2011-06-06,7.8235
2011-06-03,7.7965
2011-06-02,7.7596
2011-06-01,7.7310
2011-05-31,7.7590
2011-05-30,7.7485
2011-05-27,7.7690
2011-05-26,7.7900
2011-05-25,7.8240
2011-05-24,7.8385
2011-05-23,7.8475
2011-05-20,7.8280
2011-05-19,7.8725
2011-05-18,7.9360
2011-05-17,7.9385
2011-05-16,7.8670
2011-05-13,7.8405
2011-05-12,7.8010
2011-05-11,7.7890
2011-05-10,7.8035
2011-05-09,7.8665
2011-05-06,7.9450
2011-05-05,7.9300
2011-05-04,7.8710
2011-05-03,7.7995
2011-05-02,7.7800
2011-04-29,7.7820
2011-04-28,7.8090
2011-04-27,7.7885
2011-04-26,7.7800
2011-04-21,7.7842
2011-04-20,7.7895
2011-04-19,7.7635
2011-04-18,7.7880
2011-04-15,7.8080
2011-04-14,7.8580
2011-04-13,7.8620
2011-04-12,7.8770
2011-04-11,7.8125
2011-04-08,7.8020
2011-04-07,7.8175
2011-04-06,7.7850
2011-04-05,7.7910
2011-04-04,7.8205
2011-04-01,7.8055
2011-03-31,7.8330
2011-03-30,7.8675
2011-03-29,7.9040
2011-03-28,7.8745
2011-03-25,7.8840
2011-03-24,7.8830
2011-03-23,7.8910
2011-03-22,7.9060
2011-03-21,7.8795
2011-03-18,7.8830
2011-03-17,7.8985
2011-03-16,7.8690
2011-03-15,7.9140
2011-03-14,7.8290
2011-03-11,7.8055
2011-03-10,7.7820
2011-03-09,7.7510
2011-03-08,7.7550
2011-03-07,7.7600
2011-03-04,7.7800
2011-03-03,7.7145
2011-03-02,7.7020
2011-03-01,7.7120
2011-02-28,7.7090
2011-02-25,7.7640
2011-02-24,7.7190
2011-02-23,7.7390
2011-02-22,7.7515
2011-02-21,7.7690
2011-02-18,7.7555
2011-02-17,7.8075
2011-02-16,7.8275
2011-02-15,7.8335
2011-02-14,7.8770
2011-02-11,7.9300
2011-02-10,7.9320
2011-02-09,7.8685
2011-02-08,7.8590
2011-02-07,7.8385
2011-02-04,7.8075
2011-02-03,7.8585
2011-02-02,7.8840
2011-02-01,7.8820
2011-01-31,7.9270
2011-01-28,7.9330
2011-01-27,7.9230
2011-01-26,7.8665
2011-01-25,7.8480
2011-01-24,7.8830
2011-01-21,7.8920
2011-01-20,7.8745
2011-01-19,7.8260
2011-01-18,7.8200
2011-01-17,7.7860
2011-01-14,7.8500
2011-01-13,7.7970
2011-01-12,7.7060
2011-01-11,7.7260
2011-01-10,7.7085
2011-01-07,7.7260
2011-01-06,7.7475
2011-01-05,7.7895
2011-01-04,7.8090
2011-01-03,7.7800
2010-12-31,7.8000
2010-12-30,7.8190
2010-12-29,7.8090
2010-12-28,7.8255
2010-12-27,7.8350
2010-12-24,7.8260
2010-12-23,7.8370
2010-12-22,7.8715
2010-12-21,7.8620
2010-12-20,7.8605
2010-12-17,7.8925
2010-12-16,7.8950
2010-12-15,7.8660
2010-12-14,7.8960
2010-12-13,7.9265
2010-12-10,7.9375
2010-12-09,7.9550
2010-12-08,7.9625
2010-12-07,7.9660
2010-12-06,7.9785
2010-12-03,8.0050
2010-12-02,8.0600
2010-12-01,8.0600
2010-11-30,8.0910
2010-11-29,8.1285
2010-11-26,8.1770
2010-11-25,8.1275
2010-11-24,8.1445
2010-11-23,8.2070
2010-11-22,8.2070
2010-11-19,8.2000
2010-11-18,8.1620
2010-11-17,8.1850
2010-11-16,8.1670
2010-11-15,8.1355
2010-11-12,8.1330
2010-11-11,8.0910
2010-11-10,8.0760
2010-11-09,8.0770
2010-11-08,8.0850
2010-11-05,8.1190
2010-11-04,8.1480
2010-11-03,8.2080
2010-11-02,8.2030
2010-11-01,8.1455
2010-10-29,8.1920
2010-10-28,8.1500
2010-10-27,8.1450
2010-10-26,8.1200
2010-10-25,8.0935
2010-10-22,8.1430
2010-10-21,8.1385
2010-10-20,8.1585
2010-10-19,8.1690
2010-10-18,8.1500
2010-10-15,8.0925
2010-10-14,8.0695
2010-10-13,8.1350
2010-10-12,8.1240
2010-10-11,8.1235
2010-10-08,8.1000
2010-10-07,8.0830
2010-10-06,8.0340
2010-10-05,8.0410
2010-10-04,8.0300
2010-10-01,8.0400
2010-09-30,7.9680
2010-09-29,7.9670
2010-09-28,7.9670
2010-09-27,7.9145
2010-09-24,7.9475
2010-09-23,7.9195
2010-09-22,7.8965
2010-09-21,7.9295
2010-09-20,7.9540
2010-09-17,7.9650
2010-09-16,7.9555
2010-09-15,7.8970
2010-09-14,7.8780
2010-09-13,7.8520
2010-09-10,7.8760
2010-09-09,7.8725
2010-09-08,7.8810
2010-09-07,7.8910
2010-09-06,7.8800
2010-09-03,7.8890
2010-09-02,7.9010
2010-09-01,7.9425
2010-08-31,8.0245
2010-08-30,7.9650
2010-08-27,7.9785
2010-08-26,8.0040
2010-08-25,8.0165
2010-08-24,7.9410
2010-08-23,7.9030
2010-08-20,7.9640
2010-08-19,7.8945
2010-08-18,7.9300
2010-08-17,7.9065
2010-08-16,7.9540
2010-08-13,7.9260
2010-08-12,7.9645
2010-08-11,7.9665
2010-08-10,7.8980
2010-08-09,7.8975
2010-08-06,7.8775
2010-08-05,7.8765
2010-08-04,7.8870
2010-08-03,7.8815
2010-08-02,7.8595
2010-07-30,7.9405
2010-07-29,7.9705
2010-07-28,7.9810
2010-07-27,7.9995
2010-07-26,8.0020
2010-07-23,7.9660
2010-07-22,7.9750
2010-07-21,8.0135
2010-07-20,8.1290
2010-07-19,8.1420
2010-07-16,8.0530
2010-07-15,7.9265
2010-07-14,7.9260
2010-07-13,7.9570
2010-07-12,8.0160
2010-07-09,8.0420
2010-07-08,8.0660
2010-07-07,8.1010
2010-07-06,8.0685
2010-07-05,8.0590
2010-07-02,8.0630
2010-07-01,8.0450
2010-06-30,7.9725
2010-06-29,7.9085
2010-06-28,7.9370
2010-06-25,7.9885
2010-06-24,7.9780
2010-06-23,7.9290
2010-06-22,7.9330
2010-06-21,7.8575
2010-06-18,7.8615
2010-06-17,7.8705
2010-06-16,7.8780
2010-06-15,7.8515
2010-06-14,7.8175
2010-06-11,7.8350
2010-06-10,7.8650
2010-06-09,7.9535
2010-06-08,7.9820
2010-06-07,7.9370
2010-06-04,7.8510
2010-06-03,7.8660
2010-06-02,7.9220
2010-06-01,7.9420
2010-05-31,7.9390
2010-05-28,7.9615
2010-05-27,7.9860
2010-05-26,7.9775
2010-05-25,8.1270
2010-05-24,8.0848
2010-05-21,8.1430
2010-05-20,8.0450
2010-05-19,7.8020
2010-05-18,7.7280
2010-05-17,7.7220
2010-05-14,7.7260
2010-05-13,7.7475
2010-05-12,7.7865
2010-05-11,7.8410
2010-05-10,7.8685
2010-05-07,7.9540
2010-05-06,7.7855
2010-05-05,7.8165
2010-05-04,7.8235
2010-05-03,7.8395
2010-04-30,7.8445
2010-04-29,7.8430
2010-04-28,7.8750
2010-04-27,7.8440
2010-04-26,7.8505
2010-04-23,7.8765
2010-04-22,7.8995
2010-04-21,7.8955
2010-04-20,7.9475
2010-04-19,7.9830
2010-04-16,7.9550
2010-04-15,7.9520
2010-04-14,7.9955
2010-04-13,7.9940
2010-04-12,8.0085
2010-04-09,7.9365
2010-04-08,7.9505
2010-04-07,7.9650
2010-04-06,8.0124
2010-04-01,8.0168
2010-03-31,8.0135
2010-03-30,8.0410
2010-03-29,8.0670
2010-03-26,8.0980
2010-03-25,8.0770
2010-03-24,8.0280
2010-03-23,8.0420
2010-03-22,8.0445
2010-03-19,7.9730
2010-03-18,7.9990
2010-03-17,8.0100
2010-03-16,8.0145
2010-03-15,8.0155
2010-03-12,8.0330
2010-03-11,8.0115
2010-03-10,8.0125
2010-03-09,8.0410
2010-03-08,8.0490
2010-03-05,8.0490
2010-03-04,8.0505
2010-03-03,8.0745
2010-03-02,8.0485
2010-03-01,8.0570
2010-02-26,8.0435
2010-02-25,8.0405
2010-02-24,8.0290
2010-02-23,8.0210
2010-02-22,8.0350
2010-02-19,8.1055
2010-02-18,8.0680
2010-02-17,8.0060
2010-02-16,8.0520
2010-02-15,8.0530
2010-02-12,8.0630
2010-02-11,8.0975
2010-02-10,8.1110
2010-02-09,8.1520
2010-02-08,8.1705
2010-02-05,8.2195
2010-02-04,8.1690
2010-02-03,8.1660
2010-02-02,8.1435
2010-02-01,8.1965
2010-01-29,8.2120
2010-01-28,8.1790
2010-01-27,8.2195
2010-01-26,8.2505
2010-01-25,8.2020
2010-01-22,8.1955
2010-01-21,8.1455
2010-01-20,8.1335
2010-01-19,8.1485
2010-01-18,8.1435
2010-01-15,8.1430
2010-01-14,8.1640
2010-01-13,8.1785
2010-01-12,8.1825
2010-01-11,8.1395
2010-01-08,8.1695
2010-01-07,8.1980
2010-01-06,8.1880
2010-01-05,8.2120
2010-01-04,8.2290
2009-12-31,8.3000
2009-12-30,8.3220
2009-12-29,8.3285
2009-12-28,8.3440
2009-12-24,8.3365
2009-12-23,8.3525
2009-12-22,8.3650
2009-12-21,8.3520
2009-12-18,8.3955
2009-12-17,8.4050
2009-12-16,8.3695
2009-12-15,8.4735
2009-12-14,8.4685
2009-12-11,8.4435
2009-12-10,8.4355
2009-12-09,8.4650
2009-12-08,8.4915
2009-12-07,8.4675
2009-12-04,8.4900
2009-12-03,8.4390
2009-12-02,8.4210
2009-12-01,8.4805
2009-11-30,8.5125
2009-11-27,8.4920
2009-11-26,8.5000
2009-11-25,8.4160
2009-11-24,8.3765
2009-11-23,8.3760
2009-11-20,8.4250
2009-11-19,8.3920
2009-11-18,8.3520
2009-11-17,8.3475
2009-11-16,8.3370
2009-11-13,8.3645
2009-11-12,8.3915
2009-11-11,8.3600
2009-11-10,8.3835
2009-11-09,8.4195
2009-11-06,8.4340
2009-11-05,8.4365
2009-11-04,8.4415
2009-11-03,8.5135
2009-11-02,8.4300
2009-10-30,8.3915
2009-10-29,8.3835
2009-10-28,8.4000
2009-10-27,8.3850
2009-10-26,8.3255
2009-10-23,8.3275
2009-10-22,8.3270
2009-10-21,8.3280
2009-10-20,8.3225
2009-10-19,8.3525
2009-10-16,8.3500
2009-10-15,8.3350
2009-10-14,8.2840
2009-10-13,8.3280
2009-10-12,8.3275
2009-10-09,8.3025
2009-10-08,8.3533
2009-10-07,8.3640
2009-10-06,8.3850
2009-10-05,8.4460
2009-10-02,8.4470
2009-10-01,8.4455
2009-09-30,8.4600
2009-09-29,8.5150
2009-09-28,8.5275
2009-09-25,8.5020
2009-09-24,8.5100
2009-09-23,8.5640
2009-09-22,8.6280
2009-09-21,8.6500
2009-09-18,8.6410
2009-09-17,8.6265
2009-09-16,8.6065
2009-09-15,8.6390
2009-09-14,8.6685
2009-09-11,8.6340
2009-09-10,8.6635
2009-09-09,8.6110
2009-09-08,8.5690
2009-09-07,8.5850
2009-09-04,8.6080
2009-09-03,8.6200
2009-09-02,8.6800
2009-09-01,8.6120
2009-08-31,8.6070
2009-08-28,8.6290
2009-08-27,8.6440
2009-08-26,8.6240
2009-08-25,8.6095
2009-08-24,8.5845
2009-08-21,8.5550
2009-08-20,8.5955
2009-08-19,8.6700
2009-08-18,8.6735
2009-08-17,8.7265
2009-08-14,8.6165
2009-08-13,8.6080
2009-08-12,8.7325
2009-08-11,8.8265
2009-08-10,8.6940
2009-08-07,8.7515
2009-08-06,8.6635
2009-08-05,8.6685
2009-08-04,8.7040
2009-08-03,8.6800
2009-07-31,8.7150
2009-07-30,8.7490
2009-07-29,8.7890
2009-07-28,8.7660
2009-07-27,8.8010
2009-07-24,8.8600
2009-07-23,8.9250
2009-07-22,8.9200
2009-07-21,8.9515
2009-07-20,9.0085
2009-07-17,8.9960
2009-07-16,9.0015
2009-07-15,9.0190
2009-07-14,9.0355
2009-07-13,9.0700
2009-07-10,9.0840
2009-07-09,9.0740
2009-07-08,9.0770
2009-07-07,9.0565
2009-07-06,9.0540
2009-07-03,8.9660
2009-07-02,8.9375
2009-07-01,8.9800
2009-06-30,9.0180
2009-06-29,9.0340
2009-06-26,9.0400
2009-06-25,9.0760
2009-06-24,9.0090
2009-06-23,9.0990
2009-06-22,8.9860
2009-06-19,8.8995
2009-06-18,8.8825
2009-06-17,8.9180
2009-06-16,8.9170
2009-06-15,8.9055
2009-06-12,8.8845
2009-06-11,8.9140
2009-06-10,8.8430
2009-06-09,8.9135
2009-06-08,8.9360
2009-06-05,8.9700
2009-06-04,8.9055
2009-06-03,8.9210
2009-06-02,8.7725
2009-06-01,8.8100
2009-05-29,8.8785
2009-05-28,8.9615
2009-05-27,8.8710
2009-05-26,8.9510
2009-05-25,8.8620
2009-05-22,8.8750
2009-05-21,8.8382
2009-05-20,8.8100
2009-05-19,8.7450
2009-05-18,8.7785
2009-05-15,8.8170
2009-05-14,8.8320
2009-05-13,8.8400
2009-05-12,8.7510
2009-05-11,8.7020
2009-05-08,8.6415
2009-05-07,8.6200
2009-05-06,8.7350
2009-05-05,8.6870
2009-05-04,8.6900
2009-04-30,8.7245
2009-04-29,8.7320
2009-04-28,8.7640
2009-04-27,8.7630
2009-04-24,8.6900
2009-04-23,8.6900
2009-04-22,8.7605
2009-04-21,8.7940
2009-04-20,8.7925
2009-04-17,8.7440
2009-04-16,8.8370
2009-04-15,8.8405
2009-04-14,8.7880
2009-04-09,8.7930
2009-04-08,8.8960
2009-04-07,8.8085
2009-04-06,8.7850
2009-04-03,8.7975
2009-04-02,8.8480
2009-04-01,8.8850
2009-03-31,8.8900
2009-03-30,8.9510
2009-03-27,8.8000
2009-03-26,8.8175
2009-03-25,8.7275
2009-03-24,8.6365
2009-03-23,8.6345
2009-03-20,8.6500
2009-03-19,8.6450
2009-03-18,8.8090
2009-03-17,8.8315
2009-03-16,8.7650
2009-03-13,8.8230
2009-03-12,8.8920
2009-03-11,8.8320
2009-03-10,8.9360
2009-03-09,8.9740
2009-03-06,8.9530
2009-03-05,8.9060
2009-03-04,8.9400
2009-03-03,9.0125
2009-03-02,9.0280
2009-02-27,8.8860
2009-02-26,8.7780
2009-02-25,8.7460
2009-02-24,8.7350
2009-02-23,8.7190
2009-02-20,8.7495
2009-02-19,8.6790
2009-02-18,8.8600
2009-02-17,8.7940
2009-02-16,8.7770
2009-02-13,8.7190
2009-02-12,8.8155
2009-02-11,8.6900
2009-02-10,8.6410
2009-02-09,8.6620
2009-02-06,8.7730
2009-02-05,8.7790
2009-02-04,8.8920
2009-02-03,9.0390
2009-02-02,8.9415
2009-01-30,8.8875
2009-01-29,8.8000
2009-01-28,8.8870
2009-01-27,8.8975
2009-01-26,8.8935
2009-01-23,8.9940
2009-01-22,9.0300
2009-01-21,9.0555
2009-01-20,9.1915
2009-01-19,9.1200
2009-01-16,9.2125
2009-01-15,9.4275
2009-01-14,9.4310
2009-01-13,9.4575
2009-01-12,9.4130
2009-01-09,9.4975
2009-01-08,9.4825
2009-01-07,9.3915
2009-01-06,9.3850
2009-01-05,9.3950
2009-01-02,9.6950
2008-12-31,9.7500
2008-12-30,9.8400
2008-12-29,9.9450
2008-12-24,9.9150
2008-12-23,9.7600
2008-12-22,9.8550
2008-12-19,9.8335
2008-12-18,9.8650
2008-12-17,9.5150
2008-12-16,9.5150
2008-12-15,9.3220
2008-12-12,9.2110
2008-12-11,9.2065
2008-12-10,9.1285
2008-12-09,9.1500
2008-12-08,9.1270
2008-12-05,9.1420
2008-12-04,9.0365
2008-12-03,8.9050
2008-12-02,8.9650
2008-12-01,8.8915
2008-11-28,8.9200
2008-11-27,8.8800
2008-11-26,9.0340
2008-11-25,9.0815
2008-11-24,8.9380
2008-11-21,8.9270
2008-11-20,8.8700
2008-11-19,8.8700
2008-11-18,8.9000
2008-11-17,8.7920
2008-11-14,8.7525
2008-11-13,8.8670
2008-11-12,8.7825
2008-11-11,8.7440
2008-11-10,8.6890
2008-11-07,8.7210
2008-11-06,8.7180
2008-11-05,8.6600
2008-11-04,8.5615
2008-11-03,8.4800
2008-10-31,8.5300
2008-10-30,8.5200
2008-10-29,8.5540
2008-10-28,8.5500
2008-10-27,8.8150
2008-10-24,8.8000
2008-10-23,9.1550
2008-10-22,9.0135
2008-10-21,8.8940
2008-10-20,8.7870
2008-10-17,8.8950
2008-10-16,8.9000
2008-10-15,8.6035
2008-10-14,8.4375
2008-10-13,8.4285
2008-10-10,8.4175
2008-10-09,8.3640
2008-10-08,8.3975
2008-10-07,8.3810
2008-10-06,8.3480
2008-10-03,8.2920
2008-10-02,8.2910
2008-10-01,8.2600
2008-09-30,8.3330
2008-09-29,8.3080
2008-09-26,8.2680
2008-09-25,8.2710
2008-09-24,8.2590
2008-09-23,8.2150
2008-09-22,8.1675
2008-09-19,8.2580
2008-09-18,8.3340
2008-09-17,8.2900
2008-09-16,8.2460
2008-09-15,8.1830
2008-09-12,8.1165
2008-09-11,8.0970
2008-09-10,8.0600
2008-09-09,8.0330
2008-09-08,7.9975
2008-09-05,8.0065
2008-09-04,8.0220
2008-09-03,8.0110
2008-09-02,8.0065
2008-09-01,7.9635
2008-08-29,7.9435
2008-08-28,7.9170
2008-08-27,7.9260
2008-08-26,7.9155
2008-08-25,7.9330
2008-08-22,7.9335
2008-08-21,7.9450
2008-08-20,7.9560
2008-08-19,7.9525
2008-08-18,7.9740
2008-08-15,7.9665
2008-08-14,8.0060
2008-08-13,7.9960
2008-08-12,8.0120
2008-08-11,7.9975
2008-08-08,7.9915
2008-08-07,7.9970
2008-08-06,8.0280
2008-08-05,8.0315
2008-08-04,7.9995
2008-08-01,7.9960
2008-07-31,8.0205
2008-07-30,8.0430
2008-07-29,8.0725
2008-07-28,8.0750
2008-07-25,8.0815
2008-07-24,8.1000
2008-07-23,8.0900
2008-07-22,8.0555
2008-07-21,8.0585
2008-07-18,8.0590
2008-07-17,8.0640
2008-07-16,8.0660
2008-07-15,8.0370
2008-07-14,8.0525
2008-07-11,8.0605
2008-07-10,8.0605
2008-07-09,8.0480
2008-07-08,8.0135
2008-07-07,7.9855
2008-07-04,7.9860
2008-07-03,8.0475
2008-07-02,8.0400
2008-07-01,8.0040
2008-06-30,8.0090
2008-06-27,7.9790
2008-06-26,7.9590
2008-06-25,7.9405
2008-06-24,7.9745
2008-06-23,8.0130
2008-06-20,8.0435
2008-06-19,8.0365
2008-06-18,8.0405
2008-06-17,8.0235
2008-06-16,8.0310
2008-06-13,8.0500
2008-06-12,8.0375
2008-06-11,7.9900
2008-06-10,7.9690
2008-06-09,7.9370
2008-06-06,7.9415
2008-06-05,7.9680
2008-06-04,7.9755
2008-06-03,7.9615
2008-06-02,7.9425
2008-05-30,7.9080
2008-05-29,7.8760
2008-05-28,7.8655
2008-05-27,7.8760
2008-05-26,7.8895
2008-05-23,7.9010
2008-05-22,7.8545
2008-05-21,7.8550
2008-05-20,7.8190
2008-05-19,7.7885
2008-05-16,7.8560
2008-05-15,7.8590
2008-05-14,7.8440
2008-05-13,7.8460
2008-05-12,7.8413
2008-05-09,7.8440
2008-05-08,7.8740
2008-05-07,7.8545
2008-05-06,7.8690
2008-05-05,7.9150
2008-05-02,7.9260
2008-04-30,7.9740
2008-04-29,7.9800
2008-04-28,7.9655
2008-04-25,8.0240
2008-04-24,7.9595
2008-04-23,7.9250
2008-04-22,7.9230
2008-04-21,7.9445
2008-04-18,7.9510
2008-04-17,7.9105
2008-04-16,7.8985
2008-04-15,7.9105
2008-04-14,7.9445
2008-04-11,7.9415
2008-04-10,7.9270
2008-04-09,7.9410
2008-04-08,7.9565
2008-04-07,7.9685
2008-04-04,7.9980
2008-04-03,8.0030
2008-04-02,8.0650
2008-04-01,8.0720
2008-03-31,8.0510
2008-03-28,8.0475
2008-03-27,8.0170
2008-03-26,8.0475
2008-03-25,8.0865
2008-03-20,8.1178
2008-03-19,8.0448
2008-03-18,8.0675
2008-03-17,8.0570
2008-03-14,7.9885
2008-03-13,7.9005
2008-03-12,7.8905
2008-03-11,7.8780
2008-03-10,7.8855
2008-03-07,7.9145
2008-03-06,7.8340
2008-03-05,7.8565
2008-03-04,7.8535
2008-03-03,7.9250
2008-02-29,7.9140
2008-02-28,7.8665
2008-02-27,7.8540
2008-02-26,7.8845
2008-02-25,7.8810
2008-02-22,7.8895
2008-02-21,7.8615
2008-02-20,7.8770
2008-02-19,7.8605
2008-02-18,7.9150
2008-02-15,7.9255
2008-02-14,7.9510
2008-02-13,7.9830
2008-02-12,8.0030
2008-02-11,8.0265
2008-02-08,8.0245
2008-02-07,8.0700
2008-02-06,8.0555
2008-02-05,8.0095
2008-02-04,8.0290
2008-02-01,8.0265
2008-01-31,8.0760
2008-01-30,8.0450
2008-01-29,8.0350
2008-01-28,8.0655
2008-01-25,8.0240
2008-01-24,8.0360
2008-01-23,8.0630
2008-01-22,8.0440
2008-01-21,8.0265
2008-01-18,7.9915
2008-01-17,7.9540
2008-01-16,7.9420
2008-01-15,7.8330
2008-01-14,7.8275
2008-01-11,7.8185
2008-01-10,7.8390
2008-01-09,7.8910
2008-01-08,7.8895
2008-01-07,7.8685
2008-01-04,7.8650
2008-01-03,7.9250
2008-01-02,7.9855
2007-12-31,7.9580
2007-12-28,7.9740
2007-12-27,7.9955
2007-12-24,7.9918
2007-12-21,8.0340
2007-12-20,8.0300
2007-12-19,8.0385
2007-12-18,8.0260
2007-12-17,7.9780
2007-12-14,7.9750
2007-12-13,7.9320
2007-12-12,7.9565
2007-12-11,7.9975
2007-12-10,7.9920
2007-12-07,8.0170
2007-12-06,8.0460
2007-12-05,8.0700
2007-12-04,8.1090
2007-12-03,8.1020
2007-11-30,8.1140
2007-11-29,8.0925
2007-11-28,8.1075
2007-11-27,8.0800
2007-11-26,8.0375
2007-11-23,8.0485
2007-11-22,8.0255
2007-11-21,8.0415
2007-11-20,7.9950
2007-11-19,8.0780
2007-11-16,8.0315
2007-11-15,7.9935
2007-11-14,7.9275
2007-11-13,7.9090
2007-11-12,7.8740
2007-11-09,7.8115
2007-11-08,7.7410
2007-11-07,7.7660
2007-11-06,7.7800
2007-11-05,7.8155
2007-11-02,7.8430
2007-11-01,7.8295
2007-10-31,7.7910
2007-10-30,7.7210
2007-10-29,7.7220
2007-10-26,7.7095
2007-10-25,7.7300
2007-10-24,7.7455
2007-10-23,7.6900
2007-10-22,7.7335
2007-10-19,7.6715
2007-10-18,7.6705
2007-10-17,7.6720
2007-10-16,7.6660
2007-10-15,7.6610
2007-10-12,7.6490
2007-10-11,7.6815
2007-10-10,7.6970
2007-10-09,7.7055
2007-10-08,7.6700
2007-10-05,7.6530
2007-10-04,7.6930
2007-10-03,7.6990
2007-10-02,7.6965
2007-10-01,7.6875
2007-09-28,7.7185
2007-09-27,7.7500
2007-09-26,7.7710
2007-09-25,7.8060
2007-09-24,7.7830
2007-09-21,7.7865
2007-09-20,7.7815
2007-09-19,7.7775
2007-09-18,7.8070
2007-09-17,7.8020
2007-09-14,7.8275
2007-09-13,7.8345
2007-09-12,7.8325
2007-09-11,7.8515
2007-09-10,7.8960
2007-09-07,7.9085
2007-09-06,7.9075
2007-09-05,7.9105
2007-09-04,7.9290
2007-09-03,7.9315
2007-08-31,7.9440
2007-08-30,7.9590
2007-08-29,7.9565
2007-08-28,7.9475
2007-08-27,7.9515
2007-08-24,7.9540
2007-08-23,7.9645
2007-08-22,7.9920
2007-08-21,7.9985
2007-08-20,7.9910
2007-08-17,8.0375
2007-08-16,8.0350
2007-08-15,7.9910
2007-08-14,7.9750
2007-08-13,7.9845
2007-08-10,7.9985
2007-08-09,7.9420
2007-08-08,7.9625
2007-08-07,7.9765
2007-08-06,7.9425
2007-08-03,7.9305
2007-08-02,7.9635
2007-08-01,7.9930
2007-07-31,7.9595
2007-07-30,8.0000
2007-07-27,8.0400
2007-07-26,7.9760
2007-07-25,7.9510
2007-07-24,7.9135
2007-07-23,7.9120
2007-07-20,7.9020
2007-07-19,7.9035
2007-07-18,7.9225
2007-07-17,7.8845
2007-07-16,7.9025
2007-07-13,7.9130
2007-07-12,7.9325
2007-07-11,7.9655
2007-07-10,7.9660
2007-07-09,7.9130
2007-07-06,7.9125
2007-07-05,7.9240
2007-07-04,7.9365
2007-07-03,7.9380
2007-07-02,7.9690
2007-06-29,7.9725
2007-06-28,7.9520
2007-06-27,7.9725
2007-06-26,8.0100
2007-06-25,8.0040
2007-06-22,7.9870
2007-06-21,8.0345
2007-06-20,8.0525
2007-06-19,8.0790
2007-06-18,8.0750
2007-06-15,8.0935
2007-06-14,8.1075
2007-06-13,8.1010
2007-06-12,8.1115
2007-06-11,8.1195
2007-06-08,8.1005
2007-06-07,8.0820
2007-06-06,8.0800
2007-06-05,8.0840
2007-06-04,8.1085
2007-06-01,8.1110
2007-05-31,8.1195
2007-05-30,8.1175
2007-05-29,8.0990
2007-05-28,8.0951
2007-05-25,8.0945
2007-05-24,8.1055
2007-05-23,8.1210
2007-05-22,8.1325
2007-05-21,8.1670
2007-05-18,8.1750
2007-05-17,8.1721
2007-05-16,8.1725
2007-05-15,8.1935
2007-05-14,8.1985
2007-05-11,8.1770
2007-05-10,8.1590
2007-05-09,8.1340
2007-05-08,8.1360
2007-05-07,8.1220
2007-05-04,8.1280
2007-05-03,8.1220
2007-05-02,8.1265
2007-04-30,8.1265
2007-04-27,8.1380
2007-04-26,8.1185
2007-04-25,8.1640
2007-04-24,8.1030
2007-04-23,8.1070
2007-04-20,8.1075
2007-04-19,8.1075
2007-04-18,8.1100
2007-04-17,8.0790
2007-04-16,8.0925
2007-04-13,8.0985
2007-04-12,8.0885
2007-04-11,8.0930
2007-04-10,8.1060
2007-04-05,8.1330
2007-04-04,8.1675
2007-04-03,8.1700
2007-04-02,8.1585
2007-03-30,8.1190
2007-03-29,8.1020
2007-03-28,8.1335
2007-03-27,8.1270
2007-03-26,8.1270
2007-03-23,8.1150
2007-03-22,8.1680
2007-03-21,8.1950
2007-03-20,8.1650
2007-03-19,8.1480
2007-03-16,8.1395
2007-03-15,8.0870
2007-03-14,8.1225
2007-03-13,8.0945
2007-03-12,8.1220
2007-03-09,8.1120
2007-03-08,8.1530
2007-03-07,8.1475
2007-03-06,8.1615
2007-03-05,8.1830
2007-03-02,8.1160
2007-03-01,8.1090
2007-02-28,8.1200
2007-02-27,8.0590
2007-02-26,8.0630
2007-02-23,8.0660
2007-02-22,8.0635
2007-02-21,8.0625
2007-02-20,8.0415
2007-02-19,8.0440
2007-02-16,8.0445
2007-02-15,8.0825
2007-02-14,8.0890
2007-02-13,8.1110
2007-02-12,8.0955
2007-02-09,8.1310
2007-02-08,8.0955
2007-02-07,8.0895
2007-02-06,8.1120
2007-02-05,8.1200
2007-02-02,8.1355
2007-02-01,8.1255
2007-01-31,8.1480
2007-01-30,8.1680
2007-01-29,8.1750
2007-01-26,8.1935
2007-01-25,8.2120
2007-01-24,8.2635
2007-01-23,8.3500
2007-01-22,8.3675
2007-01-19,8.3680
2007-01-18,8.3640
2007-01-17,8.3480
2007-01-16,8.3140
2007-01-15,8.3290
2007-01-12,8.3435
2007-01-11,8.3525
2007-01-10,8.2985
2007-01-09,8.2555
2007-01-08,8.2640
2007-01-05,8.2830
2007-01-04,8.2730
2007-01-03,8.2385
2007-01-02,8.2080
2006-12-29,8.2380
2006-12-28,8.2375
2006-12-27,8.2280
2006-12-22,8.1770
2006-12-21,8.1330
2006-12-20,8.1610
2006-12-19,8.1640
2006-12-18,8.1410
2006-12-15,8.1600
2006-12-14,8.1500
2006-12-13,8.1520
2006-12-12,8.1320
2006-12-11,8.1220
2006-12-08,8.1180
2006-12-07,8.0945
2006-12-06,8.1350
2006-12-05,8.1300
2006-12-04,8.1565
2006-12-01,8.1625
2006-11-30,8.1660
2006-11-29,8.2520
2006-11-28,8.2810
2006-11-27,8.2690
2006-11-24,8.2625
2006-11-23,8.2600
2006-11-22,8.2520
2006-11-21,8.2660
2006-11-20,8.2620
2006-11-17,8.2680
2006-11-16,8.2225
2006-11-15,8.2460
2006-11-14,8.2120
2006-11-13,8.1970
2006-11-10,8.2005
2006-11-09,8.2315
2006-11-08,8.2430
2006-11-07,8.2510
2006-11-06,8.2510
2006-11-03,8.2445
2006-11-02,8.2430
2006-11-01,8.3005
2006-10-31,8.3320
2006-10-30,8.3335
2006-10-27,8.3110
2006-10-26,8.2875
2006-10-25,8.3380
2006-10-24,8.3855
2006-10-23,8.4260
2006-10-20,8.4135
2006-10-19,8.4760
2006-10-18,8.4710
2006-10-17,8.4710
2006-10-16,8.4610
2006-10-13,8.4285
2006-10-12,8.4530
2006-10-11,8.4180
2006-10-10,8.3610
2006-10-09,8.4200
2006-10-06,8.4315
2006-10-05,8.3780
2006-10-04,8.3995
2006-10-03,8.3735
2006-10-02,8.3425
2006-09-29,8.2350
2006-09-28,8.2230
2006-09-27,8.2650
2006-09-26,8.3135
2006-09-25,8.3895
2006-09-22,8.3455
2006-09-21,8.2810
2006-09-20,8.2790
2006-09-19,8.2735
2006-09-18,8.2830
2006-09-15,8.2775
2006-09-14,8.3320
2006-09-13,8.3825
2006-09-12,8.2950
2006-09-11,8.3080
2006-09-08,8.2185
2006-09-07,8.1875
2006-09-06,8.1465
2006-09-05,8.1320
2006-09-04,8.1260
2006-09-01,8.1070
2006-08-31,8.0795
2006-08-30,8.0655
2006-08-29,8.0425
2006-08-28,8.0345
2006-08-25,8.0655
2006-08-24,8.0755
2006-08-23,8.0430
2006-08-22,8.0275
2006-08-21,8.0480
2006-08-18,8.0720
2006-08-17,8.0780
2006-08-16,8.0160
2006-08-15,8.0290
2006-08-14,7.9980
2006-08-11,7.9565
2006-08-10,7.9500
2006-08-09,7.9450
2006-08-08,7.9095
2006-08-07,7.8785
2006-08-04,7.8835
2006-08-03,7.8705
2006-08-02,7.8745
2006-08-01,7.8745
2006-07-31,7.8615
2006-07-28,7.8825
2006-07-27,7.9065
2006-07-26,7.9340
2006-07-25,7.9400
2006-07-24,7.9540
2006-07-21,7.9330
2006-07-20,7.9320
2006-07-19,7.9690
2006-07-18,7.9295
2006-07-17,7.9050
2006-07-14,7.9155
2006-07-13,7.9280
2006-07-12,7.9475
2006-07-11,7.9905
2006-07-10,7.9860
2006-07-07,7.9530
2006-07-06,7.9390
2006-07-05,7.9545
2006-07-04,7.9700
2006-07-03,7.9800
2006-06-30,7.9360
2006-06-29,7.8825
2006-06-28,7.9035
2006-06-27,7.9435
2006-06-26,7.9285
2006-06-23,7.9180
2006-06-22,7.9710
2006-06-21,7.9140
2006-06-20,7.8980
2006-06-19,7.8555
2006-06-16,7.8605
2006-06-15,7.8475
2006-06-14,7.8370
2006-06-13,7.8080
2006-06-12,7.7880
2006-06-09,7.8165
2006-06-08,7.8310
2006-06-07,7.8045
2006-06-06,7.7655
2006-06-05,7.7603
2006-06-02,7.7765
2006-06-01,7.7835
2006-05-31,7.8155
2006-05-30,7.8250
2006-05-29,7.8195
2006-05-26,7.8230
2006-05-25,7.8160
2006-05-24,7.8255
2006-05-23,7.8230
2006-05-22,7.8060
2006-05-19,7.8050
2006-05-18,7.8390
2006-05-17,7.8210
2006-05-16,7.8360
2006-05-15,7.7885
2006-05-12,7.7645
2006-05-11,7.7610
2006-05-10,7.7670
2006-05-09,7.7995
2006-05-08,7.7865
2006-05-05,7.7670
2006-05-04,7.7480
2006-05-03,7.7615
2006-05-02,7.7750
2006-04-28,7.7570
2006-04-27,7.7960
2006-04-26,7.7970
2006-04-25,7.8475
2006-04-24,7.8310
2006-04-21,7.8430
2006-04-20,7.7900
2006-04-19,7.8105
2006-04-18,7.8540
2006-04-13,7.8562
2006-04-12,7.8263
2006-04-11,7.8225
2006-04-10,7.8575
2006-04-07,7.8760
2006-04-06,7.8920
2006-04-05,7.8865
2006-04-04,7.8840
2006-04-03,7.9165
2006-03-31,7.9675
2006-03-30,7.9770
2006-03-29,7.9450
2006-03-28,7.9385
2006-03-27,7.9670
2006-03-24,7.9690
2006-03-23,7.9670
2006-03-22,7.9435
2006-03-21,7.9530
2006-03-20,7.9535
2006-03-17,7.9765
2006-03-16,7.9995
2006-03-15,7.9680
2006-03-14,7.9600
2006-03-13,7.9755
2006-03-10,7.9735
2006-03-09,8.0235
2006-03-08,8.0075
2006-03-07,7.9875
2006-03-06,7.9790
2006-03-03,8.0120
2006-03-02,8.0095
2006-03-01,8.0290
2006-02-28,8.0240
2006-02-27,8.0265
2006-02-24,8.0465
2006-02-23,8.0460
2006-02-22,8.0575
2006-02-21,8.0545
2006-02-20,8.0555
2006-02-17,8.0600
2006-02-16,8.1070
2006-02-15,8.1375
2006-02-14,8.1360
2006-02-13,8.1020
2006-02-10,8.0755
2006-02-09,8.0155
2006-02-08,8.0165
2006-02-07,8.0465
2006-02-06,8.0470
2006-02-03,8.0225
2006-02-02,8.0505
2006-02-01,8.0585
2006-01-31,8.0920
2006-01-30,8.1275
2006-01-27,8.0880
2006-01-26,8.0690
2006-01-25,8.0310
2006-01-24,8.0460
2006-01-23,8.0495
2006-01-20,8.0845
2006-01-19,8.1290
2006-01-18,8.1240
2006-01-17,8.1065
2006-01-16,8.0490
2006-01-13,8.0475
2006-01-12,8.0780
2006-01-11,8.0310
2006-01-10,7.9810
2006-01-09,7.9350
2006-01-06,7.9295
2006-01-05,7.9325
2006-01-04,7.9335
2006-01-03,7.9615
2006-01-02,7.9805
2005-12-30,7.9850
2005-12-29,8.0165
2005-12-28,8.0290
2005-12-27,8.0180
2005-12-23,8.0290
2005-12-22,8.0325
2005-12-21,8.0495
2005-12-20,8.0330
2005-12-19,8.0110
2005-12-16,7.9685
2005-12-15,7.9595
2005-12-14,7.9510
2005-12-13,7.9520
2005-12-12,7.9775
2005-12-09,7.9270
2005-12-08,7.9250
2005-12-07,7.9260
2005-12-06,7.8750
2005-12-05,7.8940
2005-12-02,7.9170
2005-12-01,7.9720
2005-11-30,7.9715
2005-11-29,7.9490
2005-11-28,7.8700
2005-11-25,7.8770
2005-11-24,7.8730
2005-11-23,7.8630
2005-11-22,7.8505
2005-11-21,7.8935
2005-11-18,7.8820
2005-11-17,7.8545
2005-11-16,7.8135
2005-11-15,7.7930
2005-11-14,7.7790
2005-11-11,7.7450
2005-11-10,7.7370
2005-11-09,7.7485
2005-11-08,7.7940
2005-11-07,7.7820
2005-11-04,7.7975
2005-11-03,7.8075
2005-11-02,7.7850
2005-11-01,7.7825
2005-10-31,7.8060
2005-10-28,7.8090
2005-10-27,7.8110
2005-10-26,7.8220
2005-10-25,7.8340
2005-10-24,7.8265
2005-10-21,7.7925
2005-10-20,7.8000
2005-10-19,7.8035
2005-10-18,7.8210
2005-10-17,7.8175
2005-10-14,7.8335
2005-10-13,7.8145
2005-10-12,7.8020
2005-10-11,7.8450
2005-10-10,7.8715
2005-10-07,7.8880
2005-10-06,7.8735
2005-10-05,7.8910
2005-10-04,7.8815
2005-10-03,7.8855
2005-09-30,7.8770
2005-09-29,7.8160
2005-09-28,7.8265
2005-09-27,7.8205
2005-09-26,7.8215
2005-09-23,7.7910
2005-09-22,7.7790
2005-09-21,7.7925
2005-09-20,7.7770
2005-09-19,7.7940
2005-09-16,7.7945
2005-09-15,7.7915
2005-09-14,7.8140
2005-09-13,7.8210
2005-09-12,7.8015
2005-09-09,7.7980
2005-09-08,7.7895
2005-09-07,7.8065
2005-09-06,7.8270
2005-09-05,7.8250
2005-09-02,7.7825
2005-09-01,7.8445
2005-08-31,7.8660
2005-08-30,7.9355
2005-08-29,7.8970
2005-08-26,7.9260
2005-08-25,7.9255
2005-08-24,7.9640
2005-08-23,8.0085
2005-08-22,7.9835
2005-08-19,7.9805
2005-08-18,7.9440
2005-08-17,7.9215
2005-08-16,7.9515
2005-08-15,7.9510
2005-08-12,7.8885
2005-08-11,7.8975
2005-08-10,7.8965
2005-08-09,7.8905
2005-08-08,7.9300
2005-08-05,7.8955
2005-08-04,7.8790
2005-08-03,7.8425
2005-08-02,7.8465
2005-08-01,7.8575
2005-07-29,7.8870
2005-07-28,7.8985
2005-07-27,7.9035
2005-07-26,7.8900
2005-07-25,7.9155
2005-07-22,7.9740
2005-07-21,7.9520
2005-07-20,7.9610
2005-07-19,8.0160
2005-07-18,7.9515
2005-07-15,7.9695
2005-07-14,7.9220
2005-07-13,7.8895
2005-07-12,7.8965
2005-07-11,7.9120
2005-07-08,7.8755
2005-07-07,7.9160
2005-07-06,7.9140
2005-07-05,7.9140
2005-07-04,7.8815
2005-07-01,7.8810
2005-06-30,7.9155
2005-06-29,7.8970
2005-06-28,7.9465
2005-06-27,7.9390
2005-06-24,7.9725
2005-06-23,7.9300
2005-06-22,7.8760
2005-06-21,7.8740
2005-06-20,7.8770
2005-06-17,7.8630
2005-06-16,7.8615
2005-06-15,7.8710
2005-06-14,7.8765
2005-06-13,7.8485
2005-06-10,7.8375
2005-06-09,7.9135
2005-06-08,7.9000
2005-06-07,7.8570
2005-06-06,7.8725
2005-06-03,7.8980
2005-06-02,7.9060
2005-06-01,7.9170
2005-05-31,7.9390
2005-05-30,7.9585
2005-05-27,7.9710
2005-05-26,8.0090
2005-05-25,8.0560
2005-05-24,8.0885
2005-05-23,8.1130
2005-05-20,8.1345
2005-05-19,8.1135
2005-05-18,8.0940
2005-05-17,8.0956
2005-05-16,8.1136
2005-05-13,8.0960
2005-05-12,8.0920
2005-05-11,8.0830
2005-05-10,8.0910
2005-05-09,8.1265
2005-05-06,8.1115
2005-05-05,8.1119
2005-05-04,8.1115
2005-05-03,8.1440
2005-05-02,8.1365
2005-04-29,8.1430
2005-04-28,8.1450
2005-04-27,8.1270
2005-04-26,8.1315
2005-04-25,8.1550
2005-04-22,8.1625
2005-04-21,8.1560
2005-04-20,8.1865
2005-04-19,8.2075
2005-04-18,8.2200
2005-04-15,8.2320
2005-04-14,8.2465
2005-04-13,8.1910
2005-04-12,8.1760
2005-04-11,8.1730
2005-04-08,8.1635
2005-04-07,8.1620
2005-04-06,8.1670
2005-04-05,8.1640
2005-04-04,8.1980
2005-04-01,8.1950
2005-03-31,8.2060
2005-03-30,8.1860
2005-03-29,8.2190
2005-03-24,8.2000
2005-03-23,8.1818
2005-03-22,8.1735
2005-03-21,8.1400
2005-03-18,8.1280
2005-03-17,8.1410
2005-03-16,8.2010
2005-03-15,8.1860
2005-03-14,8.1760
2005-03-11,8.1770
2005-03-10,8.1740
2005-03-09,8.1750
2005-03-08,8.2010
2005-03-07,8.2160
2005-03-04,8.2275
2005-03-03,8.2210
2005-03-02,8.2060
2005-03-01,8.2120
2005-02-28,8.2200
2005-02-25,8.2615
2005-02-24,8.2350
2005-02-23,8.2605
2005-02-22,8.2700
2005-02-21,8.2855
2005-02-18,8.2880
2005-02-17,8.3660
2005-02-16,8.3590
2005-02-15,8.3720
2005-02-14,8.4165
2005-02-11,8.4220
2005-02-10,8.4305
2005-02-09,8.3540
2005-02-08,8.3960
2005-02-07,8.3460
2005-02-04,8.2920
2005-02-03,8.2600
2005-02-02,8.2690
2005-02-01,8.2945
2005-01-31,8.2600
2005-01-28,8.2500
2005-01-27,8.2430
2005-01-26,8.2280
2005-01-25,8.2065
2005-01-24,8.1915
2005-01-21,8.1970
2005-01-20,8.1790
2005-01-19,8.1475
2005-01-18,8.1610
2005-01-17,8.1950
2005-01-14,8.1750
2005-01-13,8.1860
2005-01-12,8.1940
2005-01-11,8.2045
2005-01-10,8.2270
2005-01-07,8.2210
2005-01-06,8.2535
2005-01-05,8.2835
2005-01-04,8.2460
2005-01-03,8.2135
2004-12-31,8.2365
2004-12-30,8.2435
2004-12-29,8.2750
2004-12-28,8.2720
2004-12-27,8.2650
2004-12-24,8.2815
2004-12-23,8.2825
2004-12-22,8.2830
2004-12-21,8.2575
2004-12-20,8.2290
2004-12-17,8.2170
2004-12-16,8.1855
2004-12-15,8.2260
2004-12-14,8.2000
2004-12-13,8.2040
2004-12-10,8.2180
2004-12-09,8.2410
2004-12-08,8.2105
2004-12-07,8.1355
2004-12-06,8.1430
2004-12-03,8.1750
2004-12-02,8.1665
2004-12-01,8.1295
2004-11-30,8.1050
2004-11-29,8.0700
2004-11-26,8.1060
2004-11-25,8.1195
2004-11-24,8.1320
2004-11-23,8.1560
2004-11-22,8.1680
2004-11-19,8.1320
2004-11-18,8.1265
2004-11-17,8.1265
2004-11-16,8.0935
2004-11-15,8.0830
2004-11-12,8.1130
2004-11-11,8.1450
2004-11-10,8.1780
2004-11-09,8.2300
2004-11-08,8.1910
2004-11-05,8.1790
2004-11-04,8.1540
2004-11-03,8.1930
2004-11-02,8.1780
2004-11-01,8.1270
2004-10-29,8.1465
2004-10-28,8.1935
2004-10-27,8.1620
2004-10-26,8.2370
2004-10-25,8.2265
2004-10-22,8.2115
2004-10-21,8.2345
2004-10-20,8.2300
2004-10-19,8.2400
2004-10-18,8.2390
2004-10-15,8.2160
2004-10-14,8.1955
2004-10-13,8.2260
2004-10-12,8.1925
2004-10-11,8.2260
2004-10-08,8.3000
2004-10-07,8.2855
2004-10-06,8.2700
2004-10-05,8.2780
2004-10-04,8.2950
2004-10-01,8.3280
2004-09-30,8.3410
2004-09-29,8.3510
2004-09-28,8.3505
2004-09-27,8.3655
2004-09-24,8.3390
2004-09-23,8.3410
2004-09-22,8.3935
2004-09-21,8.3950
2004-09-20,8.4200
2004-09-17,8.4350
2004-09-16,8.4375
2004-09-15,8.3980
2004-09-14,8.3630
2004-09-13,8.3495
2004-09-10,8.3225
2004-09-09,8.3055
2004-09-08,8.3335
2004-09-07,8.3365
2004-09-06,8.3225
2004-09-03,8.3115
2004-09-02,8.3475
2004-09-01,8.3695
2004-08-31,8.4010
2004-08-30,8.3550
2004-08-27,8.3530
2004-08-26,8.3360
2004-08-25,8.3130
2004-08-24,8.2830
2004-08-23,8.2620
2004-08-20,8.2460
2004-08-19,8.2945
2004-08-18,8.3190
2004-08-17,8.2810
2004-08-16,8.2800
2004-08-13,8.2890
2004-08-12,8.3190
2004-08-11,8.3290
2004-08-10,8.3215
2004-08-09,8.3205
2004-08-06,8.3400
2004-08-05,8.3675
2004-08-04,8.4145
2004-08-03,8.4260
2004-08-02,8.4420
2004-07-30,8.4200
2004-07-29,8.4560
2004-07-28,8.4605
2004-07-27,8.4940
2004-07-26,8.5070
2004-07-23,8.4770
2004-07-22,8.4800
2004-07-21,8.5050
2004-07-20,8.4870
2004-07-19,8.4770
2004-07-16,8.4780
2004-07-15,8.5150
2004-07-14,8.5180
2004-07-13,8.4735
2004-07-12,8.4580
2004-07-09,8.4545
2004-07-08,8.4620
2004-07-07,8.4405
2004-07-06,8.4665
2004-07-05,8.4890
2004-07-02,8.4925
2004-07-01,8.4410
2004-06-30,8.4365
2004-06-29,8.3285
2004-06-28,8.3145
2004-06-25,8.2785
2004-06-24,8.3580
2004-06-23,8.3540
2004-06-22,8.3240
2004-06-21,8.3515
2004-06-18,8.3810
2004-06-17,8.3480
2004-06-16,8.2970
2004-06-15,8.3040
2004-06-14,8.3325
2004-06-11,8.2925
2004-06-10,8.2800
2004-06-09,8.1830
2004-06-08,8.1885
2004-06-07,8.1860
2004-06-04,8.1820
2004-06-03,8.1910
2004-06-02,8.1930
2004-06-01,8.1800
2004-05-31,8.1993
2004-05-28,8.2120
2004-05-27,8.1840
2004-05-26,8.2170
2004-05-25,8.2220
2004-05-24,8.2350
2004-05-21,8.2510
2004-05-20,8.2685
2004-05-19,8.3010
2004-05-18,8.2740
2004-05-17,8.2775
2004-05-14,8.1850
2004-05-13,8.1630
2004-05-12,8.2015
2004-05-11,8.1970
2004-05-10,8.0990
2004-05-07,8.0930
2004-05-06,8.1610
2004-05-05,8.1730
2004-05-04,8.2320
2004-05-03,8.2105
2004-04-30,8.2210
2004-04-29,8.1710
2004-04-28,8.2030
2004-04-27,8.2270
2004-04-26,8.2415
2004-04-23,8.2380
2004-04-22,8.2530
2004-04-21,8.2800
2004-04-20,8.2780
2004-04-19,8.2955
2004-04-16,8.2820
2004-04-15,8.2720
2004-04-14,8.3060
2004-04-13,8.3080
2004-04-12,-
2004-04-09,-
2004-04-08,8.3616
2004-04-07,8.3835
2004-04-06,8.3750
2004-04-05,8.3735
2004-04-02,8.4080
2004-04-01,8.4740
2004-03-31,8.4360
2004-03-30,8.4085
2004-03-29,8.4525
2004-03-26,8.4460
2004-03-25,8.4580
2004-03-24,8.4290
2004-03-23,8.4320
2004-03-22,8.4290
2004-03-19,8.5150
2004-03-18,8.5020
2004-03-17,8.4620
2004-03-16,8.4790
2004-03-15,8.4895
2004-03-12,8.5600
2004-03-11,8.5840
2004-03-10,8.6560
2004-03-09,8.6440
2004-03-08,8.6510
2004-03-05,8.6650
2004-03-04,8.6365
2004-03-03,8.6985
2004-03-02,8.6850
2004-03-01,8.7170
2004-02-27,8.7370
2004-02-26,8.7800
2004-02-25,8.8260
2004-02-24,8.7775
2004-02-23,8.7830
2004-02-20,8.8230
2004-02-19,8.7960
2004-02-18,8.7985
2004-02-17,8.7840
2004-02-16,8.8120
2004-02-13,8.8200
2004-02-12,8.8600
2004-02-11,8.8155
2004-02-10,8.8190
2004-02-09,8.6975
2004-02-06,8.7355
2004-02-05,8.7370
2004-02-04,8.7210
2004-02-03,8.6830
2004-02-02,8.6975
2004-01-30,8.7190
2004-01-29,8.7640
2004-01-28,8.6820
2004-01-27,8.6010
2004-01-26,8.6140
2004-01-23,8.5930
2004-01-22,8.5430
2004-01-21,8.6400
2004-01-20,8.6045
2004-01-19,8.6065
2004-01-16,8.6010
2004-01-15,8.5415
2004-01-14,8.5670
2004-01-13,8.5690
2004-01-12,8.6065
2004-01-09,8.6475
2004-01-08,8.6080
2004-01-07,8.5695
2004-01-06,8.5660
2004-01-05,8.4060
2004-01-02,8.3935
2004-01-01,-
2003-12-31,8.4141
2003-12-30,8.4210
2003-12-29,8.4340
2003-12-26,-
2003-12-25,-
2003-12-24,8.4198
2003-12-23,8.3715
2003-12-22,8.3270
2003-12-19,8.3320
2003-12-18,8.3350
2003-12-17,8.2750
2003-12-16,8.2220
2003-12-15,8.2030
2003-12-12,8.1850
2003-12-11,8.1735
2003-12-10,8.1300
2003-12-09,8.1100
2003-12-08,8.0795
2003-12-05,8.0800
2003-12-04,8.0905
2003-12-03,8.1425
2003-12-02,8.1635
2003-12-01,8.1750
2003-11-28,8.1625
2003-11-27,8.1645
2003-11-26,8.1500
2003-11-25,8.1570
2003-11-24,8.1645
2003-11-21,8.1625
2003-11-20,8.1730
2003-11-19,8.1860
2003-11-18,8.1890
2003-11-17,8.2050
2003-11-14,8.2150
2003-11-13,8.1820
2003-11-12,8.2010
2003-11-11,8.2100
2003-11-10,8.2320
2003-11-07,8.2340
2003-11-06,8.2425
2003-11-05,8.2480
2003-11-04,8.2330
2003-11-03,8.2270
2003-10-31,8.2110
2003-10-30,8.2260
2003-10-29,8.2120
2003-10-28,8.2360
2003-10-27,8.2500
2003-10-24,8.2400
2003-10-23,8.2350
2003-10-22,8.2530
2003-10-21,8.2740
2003-10-20,8.2730
2003-10-17,8.2445
2003-10-16,8.2500
2003-10-15,8.2655
2003-10-14,8.2375
2003-10-13,8.2250
2003-10-10,8.2270
2003-10-09,8.2190
2003-10-08,8.2130
2003-10-07,8.2030
2003-10-06,8.1640
2003-10-03,8.1580
2003-10-02,8.1810
2003-10-01,8.2325
2003-09-30,8.1840
2003-09-29,8.0875
2003-09-26,8.0830
2003-09-25,8.0445
2003-09-24,8.0780
2003-09-23,8.1385
2003-09-22,8.1700
2003-09-19,8.1570
2003-09-18,8.1760
2003-09-17,8.2090
2003-09-16,8.2700
2003-09-15,8.2770
2003-09-12,8.2585
2003-09-11,8.2600
2003-09-10,8.2830
2003-09-09,8.2560
2003-09-08,8.2475
2003-09-05,8.2365
2003-09-04,8.1925
2003-09-03,8.2350
2003-09-02,8.2250
2003-09-01,8.2250
2003-08-29,8.2470
2003-08-28,8.2785
2003-08-27,8.3330
2003-08-26,8.3230
2003-08-25,8.2970
2003-08-22,8.2860
2003-08-21,8.2765
2003-08-20,8.3060
2003-08-19,8.3320
2003-08-18,8.3045
2003-08-15,8.2825
2003-08-14,8.3150
2003-08-13,8.2810
2003-08-12,8.2425
2003-08-11,8.2020
2003-08-08,8.1625
2003-08-07,8.1650
2003-08-06,8.1820
2003-08-05,8.2270
2003-08-04,8.1710
2003-08-01,8.1570
2003-07-31,8.1610
2003-07-30,8.2065
2003-07-29,8.2480
2003-07-28,8.2080
2003-07-25,8.2285
2003-07-24,8.2700
2003-07-23,8.3210
2003-07-22,8.3430
2003-07-21,8.3580
2003-07-18,8.3595
2003-07-17,8.3490
2003-07-16,8.3590
2003-07-15,8.3575
2003-07-14,8.3220
2003-07-11,8.3190
2003-07-10,8.3200
2003-07-09,8.2630
2003-07-08,8.2860
2003-07-07,8.2870
2003-07-04,8.2670
2003-07-03,8.2710
2003-07-02,8.2420
2003-07-01,8.3075
2003-06-30,8.2935
2003-06-27,8.2730
2003-06-26,8.2655
2003-06-25,8.2400
2003-06-24,8.1690
2003-06-23,8.1775
2003-06-20,8.1580
2003-06-19,8.1295
2003-06-18,8.1780
2003-06-17,8.2120
2003-06-16,8.2100
2003-06-13,8.1515
2003-06-12,8.1950
2003-06-11,8.1750
2003-06-10,8.2175
2003-06-09,8.1565
2003-06-06,8.1485
2003-06-05,8.1370
2003-06-04,8.0780
2003-06-03,7.9650
2003-06-02,7.8695
2003-05-30,7.8785
2003-05-29,7.8793
2003-05-28,7.8755
2003-05-27,7.8600
2003-05-26,7.8680
2003-05-23,7.8790
2003-05-22,7.8475
2003-05-21,7.8415
2003-05-20,7.9305
2003-05-19,7.9200
2003-05-16,7.8540
2003-05-15,7.8490
2003-05-14,7.8730
2003-05-13,7.8740
2003-05-12,7.8755
2003-05-09,7.8655
2003-05-08,7.8600
2003-05-07,7.8675
2003-05-06,7.8830
2003-05-05,7.8660
2003-05-02,7.8535
2003-05-01,-
2003-04-30,7.8380
2003-04-29,7.7705
2003-04-28,7.7560
2003-04-25,7.8120
2003-04-24,7.8310
2003-04-23,7.8350
2003-04-22,7.8475
2003-04-21,-
2003-04-18,-
2003-04-17,7.8360
2003-04-16,7.8390
2003-04-15,7.8790
2003-04-14,7.8760
2003-04-11,7.9000
2003-04-10,7.8860
2003-04-09,7.8020
2003-04-08,7.7735
2003-04-07,7.7720
2003-04-04,7.7980
2003-04-03,7.8250
2003-04-02,7.8330
2003-04-01,7.9250
2003-03-31,7.8995
2003-03-28,7.8570
2003-03-27,7.8415
2003-03-26,7.8135
2003-03-25,7.8290
2003-03-24,7.8520
2003-03-21,7.8615
2003-03-20,7.9200
2003-03-19,7.8785
2003-03-18,7.8560
2003-03-17,7.8040
2003-03-14,7.7760
2003-03-13,7.8195
2003-03-12,7.8665
2003-03-11,7.9340
2003-03-10,7.9340
2003-03-07,7.8830
2003-03-06,7.8310
2003-03-05,7.7775
2003-03-04,7.7770
2003-03-03,7.7335
2003-02-28,7.7250
2003-02-27,7.7825
2003-02-26,7.6115
2003-02-25,7.6295
2003-02-24,7.5530
2003-02-21,7.5470
2003-02-20,7.5360
2003-02-19,7.5255
2003-02-18,7.5215
2003-02-17,7.5150
2003-02-14,7.5355
2003-02-13,7.4935
2003-02-12,7.4615
2003-02-11,7.4660
2003-02-10,7.4625
2003-02-07,7.4690
2003-02-06,7.5145
2003-02-05,7.5635
2003-02-04,7.4870
2003-02-03,7.4790
2003-01-31,7.4520
2003-01-30,7.4315
2003-01-29,7.4580
2003-01-28,7.4700
2003-01-27,7.4555
2003-01-24,7.4570
2003-01-23,7.4060
2003-01-22,7.3890
2003-01-21,7.3430
2003-01-20,7.3180
2003-01-17,7.2740
2003-01-16,7.2660
2003-01-15,7.3020
2003-01-14,7.3285
2003-01-13,7.2895
2003-01-10,7.2520
2003-01-09,7.2255
2003-01-08,7.2225
2003-01-07,7.2370
2003-01-06,7.2420
2003-01-03,7.2360
2003-01-02,7.2670
2003-01-01,-
2002-12-31,7.2756
2002-12-30,7.2725
2002-12-27,7.3060
2002-12-26,-
2002-12-25,-
2002-12-24,7.2763
2002-12-23,7.2895
2002-12-20,7.2870
2002-12-19,7.2850
2002-12-18,7.3130
2002-12-17,7.2945
2002-12-16,7.3100
2002-12-13,7.3295
2002-12-12,7.3350
2002-12-11,7.3440
2002-12-10,7.3280
2002-12-09,7.3080
2002-12-06,7.2640
2002-12-05,7.2745
2002-12-04,7.2655
2002-12-03,7.2750
2002-12-02,7.2625
2002-11-29,7.2820
2002-11-28,7.2880
2002-11-27,7.2750
2002-11-26,7.2640
2002-11-25,7.3040
2002-11-22,7.3045
2002-11-21,7.3155
2002-11-20,7.3310
2002-11-19,7.3270
2002-11-18,7.3135
2002-11-15,7.3025
2002-11-14,7.3145
2002-11-13,7.3210
2002-11-12,7.3025
2002-11-11,7.2975
2002-11-08,7.3320
2002-11-07,7.3545
2002-11-06,7.3595
2002-11-05,7.3715
2002-11-04,7.3705
2002-11-01,7.3685
2002-10-31,7.3650
2002-10-30,7.3900
2002-10-29,7.3910
2002-10-28,7.3710
2002-10-25,7.3580
2002-10-24,7.3740
2002-10-23,7.4015
2002-10-22,7.4340
2002-10-21,7.3980
2002-10-18,7.4015
2002-10-17,7.4120
2002-10-16,7.3095
2002-10-15,7.2975
2002-10-14,7.2815
2002-10-11,7.2830
2002-10-10,7.3050
2002-10-09,7.2620
2002-10-08,7.2760
2002-10-07,7.2885
2002-10-04,7.3040
2002-10-03,7.3125
2002-10-02,7.3020
2002-10-01,7.3150
2002-09-30,7.3415
2002-09-27,7.3325
2002-09-26,7.3220
2002-09-25,7.3145
2002-09-24,7.3210
2002-09-23,7.3550
2002-09-20,7.3620
2002-09-19,7.3245
2002-09-18,7.3645
2002-09-17,7.3560
2002-09-16,7.3415
2002-09-13,7.3590
2002-09-12,7.3710
2002-09-11,7.3790
2002-09-10,7.3910
2002-09-09,7.3580
2002-09-06,7.3535
2002-09-05,7.3815
2002-09-04,7.4425
2002-09-03,7.4375
2002-09-02,7.3925
2002-08-30,7.3815
2002-08-29,7.3945
2002-08-28,7.3810
2002-08-27,7.3805
2002-08-26,7.3895
2002-08-23,7.4065
2002-08-22,7.3960
2002-08-21,7.3575
2002-08-20,7.3550
2002-08-19,7.3820
2002-08-16,7.3740
2002-08-15,7.4290
2002-08-14,7.4480
2002-08-13,7.4495
2002-08-12,7.4660
2002-08-09,7.4635
2002-08-08,7.4780
2002-08-07,7.5080
2002-08-06,7.5000
2002-08-05,7.5280
2002-08-02,7.5075
2002-08-01,7.4490
2002-07-31,7.4270
2002-07-30,7.5050
2002-07-29,7.5050
2002-07-26,7.5630
2002-07-25,7.5470
2002-07-24,7.5485
2002-07-23,7.5480
2002-07-22,7.4820
2002-07-19,7.4380
2002-07-18,7.3810
2002-07-17,7.3775
2002-07-16,7.3725
2002-07-15,7.3570
2002-07-12,7.3290
2002-07-11,7.2850
2002-07-10,7.2960
2002-07-09,7.3095
2002-07-08,7.3050
2002-07-05,7.3070
2002-07-04,7.3225
2002-07-03,7.3415
2002-07-02,7.3535
2002-07-01,7.4140
2002-06-28,7.4305
2002-06-27,7.3980
2002-06-26,7.3650
2002-06-25,7.3450
2002-06-24,7.4005
2002-06-21,7.3760
2002-06-20,7.3505
2002-06-19,7.3760
2002-06-18,7.4210
2002-06-17,7.4150
2002-06-14,7.4155
2002-06-13,7.4130
2002-06-12,7.4130
2002-06-11,7.4240
2002-06-10,7.4255
2002-06-07,7.4430
2002-06-06,7.3890
2002-06-05,7.4035
2002-06-04,7.4435
2002-06-03,7.4385
2002-05-31,7.4780
2002-05-30,7.4340
2002-05-29,7.4060
2002-05-28,7.4040
2002-05-27,7.4400
2002-05-24,7.4435
2002-05-23,7.4830
2002-05-22,7.5050
2002-05-21,7.5360
2002-05-20,7.5510
2002-05-17,7.5450
2002-05-16,7.5410
2002-05-15,7.5360
2002-05-14,7.5475
2002-05-13,7.5480
2002-05-10,7.5645
2002-05-09,7.5800
2002-05-08,7.5815
2002-05-07,7.6230
2002-05-06,7.5870
2002-05-03,7.5645
2002-05-02,7.5570
2002-05-01,-
2002-04-30,7.5730
2002-04-29,7.5745
2002-04-26,7.5745
2002-04-25,7.5850
2002-04-24,7.6235
2002-04-23,7.5925
2002-04-22,7.6095
2002-04-19,7.6040
2002-04-18,7.6340
2002-04-17,7.6375
2002-04-16,7.6330
2002-04-15,7.6140
2002-04-12,7.6235
2002-04-11,7.6230
2002-04-10,7.6410
2002-04-09,7.6340
2002-04-08,7.6320
2002-04-05,7.6460
2002-04-04,7.6455
2002-04-03,7.6675
2002-04-02,7.6965
2002-04-01,-
2002-03-29,-
2002-03-28,7.7030
2002-03-27,7.7110
2002-03-26,7.7090
2002-03-25,7.7025
2002-03-22,7.6930
2002-03-21,7.6990
2002-03-20,7.7155
2002-03-19,7.7395
2002-03-18,7.7485
2002-03-15,7.7675
2002-03-14,7.7645
2002-03-13,7.7455
2002-03-12,7.7165
2002-03-11,7.7260
2002-03-08,7.7200
2002-03-07,7.7120
2002-03-06,7.7065
2002-03-05,7.6885
2002-03-04,7.6915
2002-03-01,7.7060
2002-02-28,7.7120
2002-02-27,7.7130
2002-02-26,7.7350
2002-02-25,7.7530
2002-02-22,7.7620
2002-02-21,7.7375
2002-02-20,7.7635
2002-02-19,7.7485
2002-02-18,7.7475
2002-02-15,7.7640
2002-02-14,7.7795
2002-02-13,7.8270
2002-02-12,7.8320
2002-02-11,7.8360
2002-02-08,7.8315
2002-02-07,7.8020
2002-02-06,7.8290
2002-02-05,7.8550
2002-02-04,7.8375
2002-02-01,7.8405
2002-01-31,7.8410
2002-01-30,7.8535
2002-01-29,7.8405
2002-01-28,7.8395
2002-01-25,7.8570
2002-01-24,7.8760
2002-01-23,7.9225
2002-01-22,7.9030
2002-01-21,7.9140
2002-01-18,7.9105
2002-01-17,7.9010
2002-01-16,7.9120
2002-01-15,7.9495
2002-01-14,7.9440
2002-01-11,7.9520
2002-01-10,7.9510
2002-01-09,7.9475
2002-01-08,7.9585
2002-01-07,7.9750
2002-01-04,7.9865
2002-01-03,8.0105
2002-01-02,8.0115
2002-01-01,-
2001-12-31,-
2001-12-28,7.9515
2001-12-27,7.9610
2001-12-26,-
2001-12-25,-
2001-12-24,7.9755
2001-12-21,7.9870
2001-12-20,7.9840
2001-12-19,7.9805
2001-12-18,7.9935
2001-12-17,8.0370
2001-12-14,8.0280
2001-12-13,8.0235
2001-12-12,8.0065
2001-12-11,8.0020
2001-12-10,7.9895
2001-12-07,7.9770
2001-12-06,7.9760
2001-12-05,8.0000
2001-12-04,7.9665
2001-12-03,8.0015
2001-11-30,7.9510
2001-11-29,7.9480
2001-11-28,7.9415
2001-11-27,7.9410
2001-11-26,7.9495
2001-11-23,7.9290
2001-11-22,7.8830
2001-11-21,7.8940
2001-11-20,7.9125
2001-11-19,7.9220
2001-11-16,7.9200
2001-11-15,7.9000
2001-11-14,7.8440
2001-11-13,7.8840
2001-11-12,7.8970
2001-11-09,7.8935
2001-11-08,7.8920
2001-11-07,7.9585
2001-11-06,7.9265
2001-11-05,7.9515
2001-11-02,7.9690
2001-11-01,7.9850
2001-10-31,7.9985
2001-10-30,7.9745
2001-10-29,7.9680
2001-10-26,7.9525
2001-10-25,7.9490
2001-10-24,7.9450
2001-10-23,7.9490
2001-10-22,7.9800
2001-10-19,7.9690
2001-10-18,7.9575
2001-10-17,7.9495
2001-10-16,7.9705
2001-10-15,7.9735
2001-10-12,7.9555
2001-10-11,7.9720
2001-10-10,7.9960
2001-10-09,8.0235
2001-10-08,8.0600
2001-10-05,8.0700
2001-10-04,8.0605
2001-10-03,8.0835
2001-10-02,8.0890
2001-10-01,8.0855
2001-09-28,8.1100
2001-09-27,8.0850
2001-09-26,8.0510
2001-09-25,8.0450
2001-09-24,7.9790
2001-09-21,7.9290
2001-09-20,7.9315
2001-09-19,7.9670
2001-09-18,7.9935
2001-09-17,8.0655
2001-09-14,8.0280
2001-09-13,7.9990
2001-09-12,7.9870
2001-09-11,7.9470
2001-09-10,8.0025
2001-09-07,7.9775
2001-09-06,7.9490
2001-09-05,7.9305
2001-09-04,7.9630
2001-09-03,8.0305
2001-08-31,8.0675
2001-08-30,8.0485
2001-08-29,8.0680
2001-08-28,8.0680
2001-08-27,8.0830
2001-08-24,8.1060
2001-08-23,8.1120
2001-08-22,8.1105
2001-08-21,8.1215
2001-08-20,8.1135
2001-08-17,8.1325
2001-08-16,8.1035
2001-08-15,8.1235
2001-08-14,8.0680
2001-08-13,8.0625
2001-08-10,8.0150
2001-08-09,7.9850
2001-08-08,7.9580
2001-08-07,7.9690
2001-08-06,7.9775
2001-08-03,7.9685
2001-08-02,7.9960
2001-08-01,8.0120
2001-07-31,7.9850
2001-07-30,7.9800
2001-07-27,7.9840
2001-07-26,8.0125
2001-07-25,8.0130
2001-07-24,8.0020
2001-07-23,7.9865
2001-07-20,8.0170
2001-07-19,8.0110
2001-07-18,8.0075
2001-07-17,7.9805
2001-07-16,7.9775
2001-07-13,7.9565
2001-07-12,7.9640
2001-07-11,7.9825
2001-07-10,7.9455
2001-07-09,7.9180
2001-07-06,7.9280
2001-07-05,7.9115
2001-07-04,7.9240
2001-07-03,7.9505
2001-07-02,7.9345
2001-06-29,7.8865
2001-06-28,7.8840
2001-06-27,7.8990
2001-06-26,7.9360
2001-06-25,7.9285
2001-06-22,7.8600
2001-06-21,7.8940
2001-06-20,7.8565
2001-06-19,7.9000
2001-06-18,7.9225
2001-06-15,7.9980
2001-06-14,7.9545
2001-06-13,7.9950
2001-06-12,7.9835
2001-06-11,7.9535
2001-06-08,7.9510
2001-06-07,7.9555
2001-06-06,7.9675
2001-06-05,7.9690
2001-06-04,7.9800
2001-06-01,7.9820
2001-05-31,7.9300
2001-05-30,7.9080
2001-05-29,7.8865
2001-05-28,7.9115
2001-05-25,7.9010
2001-05-24,7.9325
2001-05-23,7.9440
2001-05-22,7.9315
2001-05-21,7.9310
2001-05-18,7.9605
2001-05-17,8.0030
2001-05-16,8.0335
2001-05-15,8.0190
2001-05-14,7.9900
2001-05-11,8.0185
2001-05-10,8.0710
2001-05-09,8.0400
2001-05-08,8.0540
2001-05-07,8.0790
2001-05-04,8.0925
2001-05-03,8.0990
2001-05-02,8.1030
2001-05-01,-
2001-04-30,8.0925
2001-04-27,8.1550
2001-04-26,8.1665
2001-04-25,8.1625
2001-04-24,8.1470
2001-04-23,8.1465
2001-04-20,8.1230
2001-04-19,8.0605
2001-04-18,8.0590
2001-04-17,8.0480
2001-04-16,-
2001-04-13,-
2001-04-12,8.0725
2001-04-11,8.0665
2001-04-10,8.1045
2001-04-09,8.1410
2001-04-06,8.1285
2001-04-05,8.1670
2001-04-04,8.1815
2001-04-03,8.0975
2001-04-02,8.0580
2001-03-30,8.0570
2001-03-29,8.0650
2001-03-28,8.0810
2001-03-27,8.0850
2001-03-26,8.0830
2001-03-23,8.0855
2001-03-22,8.1165
2001-03-21,8.1235
2001-03-20,8.1265
2001-03-19,8.1230
2001-03-16,8.1695
2001-03-15,8.1835
2001-03-14,8.2130
2001-03-13,8.2345
2001-03-12,8.2220
2001-03-09,8.2070
2001-03-08,8.2210
2001-03-07,8.2155
2001-03-06,8.2315
2001-03-05,8.2260
2001-03-02,8.2195
2001-03-01,8.2320
2001-02-28,8.2440
2001-02-27,8.2285
2001-02-26,8.2230
2001-02-23,8.2455
2001-02-22,8.2600
2001-02-21,8.2425
2001-02-20,8.2195
2001-02-19,8.2060
2001-02-16,8.1950
2001-02-15,8.2075
2001-02-14,8.2190
2001-02-13,8.2165
2001-02-12,8.2020
2001-02-09,8.1855
2001-02-08,8.1715
2001-02-07,8.1875
2001-02-06,8.1750
2001-02-05,8.2040
2001-02-02,8.2050
2001-02-01,8.2130
2001-01-31,8.2050
2001-01-30,8.1865
2001-01-29,8.1950
2001-01-26,8.2100
2001-01-25,8.2260
2001-01-24,8.2560
2001-01-23,8.2755
2001-01-22,8.2110
2001-01-19,8.2270
2001-01-18,8.2270
2001-01-17,8.2230
2001-01-16,8.2080
2001-01-15,8.2110
2001-01-12,8.1850
2001-01-11,8.2000
2001-01-10,8.2050
2001-01-09,8.2495
2001-01-08,8.2980
2001-01-05,8.2910
2001-01-04,8.2710
2001-01-03,8.3145
2001-01-02,8.3065
2001-01-01,-
2000-12-29,8.2335
2000-12-28,8.2525
2000-12-27,8.2485
2000-12-26,-
2000-12-25,-
2000-12-22,8.1915
2000-12-21,8.1770
2000-12-20,8.1365
2000-12-19,8.1085
2000-12-18,8.0800
2000-12-15,8.1400
2000-12-14,8.1115
2000-12-13,8.1085
2000-12-12,8.0720
2000-12-11,8.0905
2000-12-08,8.1120
2000-12-07,8.1150
2000-12-06,8.0655
2000-12-05,8.1035
2000-12-04,8.1075
2000-12-01,8.0815
2000-11-30,8.0525
2000-11-29,8.0280
2000-11-28,8.0190
2000-11-27,8.0150
2000-11-24,8.0220
2000-11-23,8.0090
2000-11-22,8.0085
2000-11-21,8.0345
2000-11-20,7.9865
2000-11-17,8.0035
2000-11-16,8.0135
2000-11-15,8.0365
2000-11-14,8.0225
2000-11-13,7.9890
2000-11-10,8.0000
2000-11-09,7.9390
2000-11-08,7.9635
2000-11-07,7.9785
2000-11-06,7.9770
2000-11-03,7.9770
2000-11-02,7.9395
2000-11-01,7.8765
2000-10-31,7.8735
2000-10-30,7.9330
2000-10-27,7.9265
2000-10-26,7.9270
2000-10-25,7.9460
2000-10-24,7.9465
2000-10-23,7.9415
2000-10-20,8.0040
2000-10-19,8.0070
2000-10-18,8.0465
2000-10-17,8.0375
2000-10-16,8.0090
2000-10-13,8.0470
2000-10-12,8.0540
2000-10-11,8.0730
2000-10-10,8.0575
2000-10-09,8.0450
2000-10-06,8.0355
2000-10-05,8.0480
2000-10-04,8.0350
2000-10-03,8.0345
2000-10-02,8.0430
2000-09-29,8.0255
2000-09-28,8.0125
2000-09-27,8.0440
2000-09-26,8.0215
2000-09-25,8.0270
2000-09-22,8.0345
2000-09-21,7.9920
2000-09-20,7.9665
2000-09-19,8.0055
2000-09-18,7.9910
2000-09-15,8.0180
2000-09-14,8.0405
2000-09-13,8.0435
2000-09-12,7.9800
2000-09-11,8.0240
2000-09-08,8.0385
2000-09-07,8.0155
2000-09-06,8.0515
2000-09-05,8.0740
2000-09-04,8.0815
2000-09-01,8.0725
2000-08-31,8.0745
2000-08-30,8.0715
2000-08-29,8.0715
2000-08-28,8.0745
2000-08-25,8.0955
2000-08-24,8.1015
2000-08-23,8.0525
2000-08-22,8.0435
2000-08-21,8.0435
2000-08-18,8.0610
2000-08-17,8.0900
2000-08-16,8.0990
2000-08-15,8.1140
2000-08-14,8.0700
2000-08-11,8.1195
2000-08-10,8.0870
2000-08-09,8.0670
2000-08-08,8.1165
2000-08-07,8.0945
2000-08-04,8.1215
2000-08-03,8.1585
2000-08-02,8.1800
2000-08-01,8.1985
2000-07-31,8.1990
2000-07-28,8.1835
2000-07-27,8.1950
2000-07-26,8.1825
2000-07-25,8.1680
2000-07-24,8.1915
2000-07-21,8.1835
2000-07-20,8.1890
2000-07-19,8.1735
2000-07-18,8.1895
2000-07-17,8.1660
2000-07-14,8.1515
2000-07-13,8.1475
2000-07-12,8.1515
2000-07-11,8.1755
2000-07-10,8.1655
2000-07-07,8.1730
2000-07-06,8.1800
2000-07-05,8.1870
2000-07-04,8.1800
2000-07-03,8.1690
2000-06-30,8.1850
2000-06-29,8.1785
2000-06-28,8.1750
2000-06-27,8.2125
2000-06-26,8.1790
2000-06-23,8.2025
2000-06-22,8.2135
2000-06-21,8.2230
2000-06-20,8.2265
2000-06-19,8.2670
2000-06-16,8.2485
2000-06-15,8.2240
2000-06-14,8.2485
2000-06-13,8.2840
2000-06-12,8.3050
2000-06-09,8.3245
2000-06-08,8.3095
2000-06-07,8.2715
2000-06-06,8.2790
2000-06-05,8.2870
2000-06-02,8.3120
2000-06-01,8.3210
2000-05-31,8.3050
2000-05-30,8.3425
2000-05-29,8.3075
2000-05-26,8.2860
2000-05-25,8.2490
2000-05-24,8.2745
2000-05-23,8.2665
2000-05-22,8.2155
2000-05-19,8.1505
2000-05-18,8.1565
2000-05-17,8.1540
2000-05-16,8.1750
2000-05-15,8.1990
2000-05-12,8.1715
2000-05-11,8.2240
2000-05-10,8.1935
2000-05-09,8.1495
2000-05-08,8.1375
2000-05-05,8.1250
2000-05-04,8.1055
2000-05-03,8.0600
2000-05-02,8.1385
2000-05-01,-
2000-04-28,8.1475
2000-04-27,8.1750
2000-04-26,8.1535
2000-04-25,8.1630
2000-04-24,-
2000-04-21,-
2000-04-20,8.1655
2000-04-19,8.1733
2000-04-18,8.1775
2000-04-17,8.2075
2000-04-14,8.1490
2000-04-13,8.1480
2000-04-12,8.1585
2000-04-11,8.1765
2000-04-10,8.1465
2000-04-07,8.1270
2000-04-06,8.1330
2000-04-05,8.1570
2000-04-04,8.1145
2000-04-03,8.1090
2000-03-31,8.0885
2000-03-30,8.0815
2000-03-29,8.0625
2000-03-28,8.0810
2000-03-27,8.1270
2000-03-24,8.1300
2000-03-23,8.1060
2000-03-22,8.1475
2000-03-21,8.1660
2000-03-20,8.1705
2000-03-17,8.1540
2000-03-16,8.1585
2000-03-15,8.1400
2000-03-14,8.1210
2000-03-13,8.1205
2000-03-10,8.0995
2000-03-09,8.1175
2000-03-08,8.0850
2000-03-07,8.0840
2000-03-06,8.0765
2000-03-03,8.0840
2000-03-02,8.0700
2000-03-01,8.0825
2000-02-29,8.0805
2000-02-28,8.0625
2000-02-25,8.1275
2000-02-24,8.1475
2000-02-23,8.1955
2000-02-22,8.1915
2000-02-21,8.1700
2000-02-18,8.1455
2000-02-17,8.1565
2000-02-16,8.1125
2000-02-15,8.0685
2000-02-14,8.0795
2000-02-11,8.0395
2000-02-10,8.0695
2000-02-09,8.0825
2000-02-08,8.0720
2000-02-07,8.0590
2000-02-04,8.0830
2000-02-03,8.0475
2000-02-02,8.0175
2000-02-01,8.0730
2000-01-31,8.0825
2000-01-28,8.0440
2000-01-27,8.0815
2000-01-26,8.0690
2000-01-25,8.0415
2000-01-24,8.0455
2000-01-21,8.0770
2000-01-20,8.0865
2000-01-19,8.0755
2000-01-18,8.1065
2000-01-17,8.0965
2000-01-14,8.1365
2000-01-13,8.1795
2000-01-12,8.2160
2000-01-11,8.2075
2000-01-10,8.1900
2000-01-07,8.1945
2000-01-06,8.2030
2000-01-05,8.2060
2000-01-04,8.1500
2000-01-03,8.0620
1999-12-31,-
1999-12-30,8.0765
1999-12-29,8.0710
1999-12-28,8.0880
1999-12-27,8.1070
1999-12-24,8.1100
1999-12-23,8.0605
1999-12-22,8.0435
1999-12-21,8.0810
1999-12-20,8.0690
1999-12-17,8.0905
1999-12-16,8.1155
1999-12-15,8.1050
1999-12-14,8.0910
1999-12-13,8.0950
1999-12-10,8.1065
1999-12-09,8.1065
1999-12-08,8.1150
1999-12-07,8.1135
1999-12-06,8.1310
1999-12-03,8.1050
1999-12-02,8.1320
1999-12-01,8.1365
1999-11-30,8.1245
1999-11-29,8.1125
1999-11-26,8.1055
1999-11-25,8.1430
1999-11-24,8.1675
1999-11-23,8.1700
1999-11-22,8.1735
1999-11-19,8.1795
1999-11-18,8.1855
1999-11-17,8.2105
1999-11-16,8.1925
1999-11-15,8.1665
1999-11-12,8.1905
1999-11-11,8.1925
1999-11-10,8.1825
1999-11-09,8.2015
1999-11-08,8.2280
1999-11-05,8.2355
1999-11-04,8.2590
1999-11-03,8.2560
1999-11-02,8.2635
1999-11-01,8.2545
1999-10-29,8.2460
1999-10-28,8.2500
1999-10-27,8.2395
1999-10-26,8.2645
1999-10-25,8.2725
1999-10-22,8.2830
1999-10-21,8.3290
1999-10-20,8.3145
1999-10-19,8.3565
1999-10-18,8.3680
1999-10-15,8.3425
1999-10-14,8.3070
1999-10-13,8.3190
1999-10-12,8.3005
1999-10-11,8.2905
1999-10-08,8.3175
1999-10-07,8.2745
1999-10-06,8.2650
1999-10-05,8.2325
1999-10-04,8.2380
1999-10-01,8.2470
1999-09-30,8.2810
1999-09-29,8.2110
1999-09-28,8.1730
1999-09-27,8.1945
1999-09-24,8.1915
1999-09-23,8.1810
1999-09-22,8.2220
1999-09-21,8.1795
1999-09-20,8.1830
1999-09-17,8.2135
1999-09-16,8.2155
1999-09-15,8.2290
1999-09-14,8.1810
1999-09-13,8.1715
1999-09-10,8.2240
1999-09-09,8.2220
1999-09-08,8.2245
1999-09-07,8.2725
1999-09-06,8.2850
1999-09-03,8.3395
1999-09-02,8.3210
1999-09-01,8.2775
1999-08-31,8.2795
1999-08-30,8.2995
1999-08-27,8.2945
1999-08-26,8.3245
1999-08-25,8.2435
1999-08-24,8.2375
1999-08-23,8.2515
1999-08-20,8.2470
1999-08-19,8.2045
1999-08-18,8.2075
1999-08-17,8.1990
1999-08-16,8.2205
1999-08-13,8.2595
1999-08-12,8.2265
1999-08-11,8.2385
1999-08-10,8.2745
1999-08-09,8.2635
1999-08-06,8.3125
1999-08-05,8.3095
1999-08-04,8.3030
1999-08-03,8.2500
1999-08-02,8.2780
1999-07-30,8.3345
1999-07-29,8.3537
1999-07-28,8.3475
1999-07-27,8.3275
1999-07-26,8.3410
1999-07-23,8.2390
1999-07-22,8.2710
1999-07-21,8.2630
1999-07-20,8.1500
1999-07-19,8.0985
1999-07-16,8.1270
1999-07-15,8.1685
1999-07-14,8.1420
1999-07-13,8.1155
1999-07-12,8.1075
1999-07-09,8.1145
1999-07-08,8.0950
1999-07-07,8.0865
1999-07-06,8.0645
1999-07-05,8.0700
1999-07-02,8.0810
1999-07-01,8.0855
1999-06-30,8.1045
1999-06-29,8.1210
1999-06-28,8.1315
1999-06-25,8.1530
1999-06-24,8.1100
1999-06-23,8.1060
1999-06-22,8.0895
1999-06-21,8.1040
1999-06-18,8.1370
1999-06-17,8.1510
1999-06-16,8.1685
1999-06-15,8.1890
1999-06-14,8.1805
1999-06-11,8.1965
1999-06-10,8.2000
1999-06-09,8.2120
1999-06-08,8.1925
1999-06-07,8.1950
1999-06-04,8.2275
1999-06-03,8.2410
1999-06-02,8.2415
1999-06-01,8.2355
1999-05-31,8.2375
1999-05-28,8.2445
1999-05-27,8.2505
1999-05-26,8.2380
1999-05-25,8.2565
1999-05-24,8.2435
1999-05-21,8.2255
1999-05-20,8.2600
1999-05-19,8.2643
1999-05-18,8.2115
1999-05-17,8.2007
1999-05-14,8.1825
1999-05-13,8.2190
1999-05-12,8.1982
1999-05-11,8.2215
1999-05-10,8.2110
1999-05-07,8.2585
1999-05-06,8.2685
1999-05-05,8.2565
1999-05-04,8.2385
1999-05-03,8.2445
1999-04-30,8.2515
1999-04-29,8.2695
1999-04-28,8.2960
1999-04-27,8.2765
1999-04-26,8.2668
1999-04-23,8.2765
1999-04-22,8.2645
1999-04-21,8.2560
1999-04-20,8.2755
1999-04-19,8.2685
1999-04-16,8.2875
1999-04-15,8.3450
1999-04-14,8.3410
1999-04-13,8.3645
1999-04-12,8.4048
1999-04-09,8.4120
1999-04-08,8.4105
1999-04-07,8.3685
1999-04-06,8.3345
1999-04-05,8.3505
1999-04-02,8.3460
1999-04-01,8.3425
1999-03-31,8.3475
1999-03-30,8.3585
1999-03-29,8.3635
1999-03-26,8.3760
1999-03-25,8.4635
1999-03-24,8.4480
1999-03-23,8.4435
1999-03-22,8.4445
1999-03-19,8.4515
1999-03-18,8.4790
1999-03-17,8.5400
1999-03-16,8.5515
1999-03-15,8.5275
1999-03-12,8.5285
1999-03-11,8.5010
1999-03-10,8.5435
1999-03-09,8.5605
1999-03-08,8.5785
1999-03-05,8.5800
1999-03-04,8.6155
1999-03-03,8.6475
1999-03-02,8.6520
1999-03-01,8.6475
1999-02-26,8.6965
1999-02-25,8.6965
1999-02-24,8.6540
1999-02-23,8.6745
1999-02-22,8.6885
1999-02-19,8.7075
1999-02-18,8.7385
1999-02-17,8.6955
1999-02-16,8.6205
1999-02-15,8.5930
1999-02-12,8.6075
1999-02-11,8.6435
1999-02-10,8.6425
1999-02-09,8.6505
1999-02-08,8.6200
1999-02-05,8.6725
1999-02-04,8.6425
1999-02-03,8.6250
1999-02-02,8.5845
1999-02-01,8.5395
1999-01-29,8.5785
1999-01-28,8.5700
1999-01-27,8.5985
1999-01-26,8.6125
1999-01-25,8.6125
1999-01-22,8.6225
1999-01-21,8.6050
1999-01-20,8.6000
1999-01-19,8.6300
1999-01-18,8.6575
1999-01-15,8.7150
1999-01-14,8.7245
1999-01-13,8.7470
1999-01-12,8.6100
1999-01-11,8.5585
1999-01-08,8.5900
1999-01-07,8.6295
1999-01-06,8.7335
1999-01-05,8.7745
1999-01-04,8.8550